date,dow,kind,name,et_offset,tz,open_utc,close_utc
2020-01-01,Wed,holiday,New Year's Day,-5,EST,,
2020-01-02,Thu,normal,,-5,EST,1577975400,1577998800
2020-01-03,Fri,normal,,-5,EST,1578061800,1578085200
2020-01-04,Sat,weekend,,-5,EST,,
2020-01-05,Sun,weekend,,-5,EST,,
2020-01-06,Mon,normal,,-5,EST,1578321000,1578344400
2020-01-07,Tue,normal,,-5,EST,1578407400,1578430800
2020-01-08,Wed,normal,,-5,EST,1578493800,1578517200
2020-01-09,Thu,normal,,-5,EST,1578580200,1578603600
2020-01-10,Fri,normal,,-5,EST,1578666600,1578690000
2020-01-11,Sat,weekend,,-5,EST,,
2020-01-12,Sun,weekend,,-5,EST,,
2020-01-13,Mon,normal,,-5,EST,1578925800,1578949200
2020-01-14,Tue,normal,,-5,EST,1579012200,1579035600
2020-01-15,Wed,normal,,-5,EST,1579098600,1579122000
2020-01-16,Thu,normal,,-5,EST,1579185000,1579208400
2020-01-17,Fri,normal,,-5,EST,1579271400,1579294800
2020-01-18,Sat,weekend,,-5,EST,,
2020-01-19,Sun,weekend,,-5,EST,,
2020-01-20,Mon,holiday,Martin Luther King Jr. Day,-5,EST,,
2020-01-21,Tue,normal,,-5,EST,1579617000,1579640400
2020-01-22,Wed,normal,,-5,EST,1579703400,1579726800
2020-01-23,Thu,normal,,-5,EST,1579789800,1579813200
2020-01-24,Fri,normal,,-5,EST,1579876200,1579899600
2020-01-25,Sat,weekend,,-5,EST,,
2020-01-26,Sun,weekend,,-5,EST,,
2020-01-27,Mon,normal,,-5,EST,1580135400,1580158800
2020-01-28,Tue,normal,,-5,EST,1580221800,1580245200
2020-01-29,Wed,normal,,-5,EST,1580308200,1580331600
2020-01-30,Thu,normal,,-5,EST,1580394600,1580418000
2020-01-31,Fri,normal,,-5,EST,1580481000,1580504400
2020-02-01,Sat,weekend,,-5,EST,,
2020-02-02,Sun,weekend,,-5,EST,,
2020-02-03,Mon,normal,,-5,EST,1580740200,1580763600
2020-02-04,Tue,normal,,-5,EST,1580826600,1580850000
2020-02-05,Wed,normal,,-5,EST,1580913000,1580936400
2020-02-06,Thu,normal,,-5,EST,1580999400,1581022800
2020-02-07,Fri,normal,,-5,EST,1581085800,1581109200
2020-02-08,Sat,weekend,,-5,EST,,
2020-02-09,Sun,weekend,,-5,EST,,
2020-02-10,Mon,normal,,-5,EST,1581345000,1581368400
2020-02-11,Tue,normal,,-5,EST,1581431400,1581454800
2020-02-12,Wed,normal,,-5,EST,1581517800,1581541200
2020-02-13,Thu,normal,,-5,EST,1581604200,1581627600
2020-02-14,Fri,normal,,-5,EST,1581690600,1581714000
2020-02-15,Sat,weekend,,-5,EST,,
2020-02-16,Sun,weekend,,-5,EST,,
2020-02-17,Mon,holiday,Washington's Birthday,-5,EST,,
2020-02-18,Tue,normal,,-5,EST,1582036200,1582059600
2020-02-19,Wed,normal,,-5,EST,1582122600,1582146000
2020-02-20,Thu,normal,,-5,EST,1582209000,1582232400
2020-02-21,Fri,normal,,-5,EST,1582295400,1582318800
2020-02-22,Sat,weekend,,-5,EST,,
2020-02-23,Sun,weekend,,-5,EST,,
2020-02-24,Mon,normal,,-5,EST,1582554600,1582578000
2020-02-25,Tue,normal,,-5,EST,1582641000,1582664400
2020-02-26,Wed,normal,,-5,EST,1582727400,1582750800
2020-02-27,Thu,normal,,-5,EST,1582813800,1582837200
2020-02-28,Fri,normal,,-5,EST,1582900200,1582923600
2020-02-29,Sat,weekend,,-5,EST,,
2020-03-01,Sun,weekend,,-5,EST,,
2020-03-02,Mon,normal,,-5,EST,1583159400,1583182800
2020-03-03,Tue,normal,,-5,EST,1583245800,1583269200
2020-03-04,Wed,normal,,-5,EST,1583332200,1583355600
2020-03-05,Thu,normal,,-5,EST,1583418600,1583442000
2020-03-06,Fri,normal,,-5,EST,1583505000,1583528400
2020-03-07,Sat,weekend,,-5,EST,,
2020-03-08,Sun,weekend,,-4,EDT,,
2020-03-09,Mon,normal,,-4,EDT,1583760600,1583784000
2020-03-10,Tue,normal,,-4,EDT,1583847000,1583870400
2020-03-11,Wed,normal,,-4,EDT,1583933400,1583956800
2020-03-12,Thu,normal,,-4,EDT,1584019800,1584043200
2020-03-13,Fri,normal,,-4,EDT,1584106200,1584129600
2020-03-14,Sat,weekend,,-4,EDT,,
2020-03-15,Sun,weekend,,-4,EDT,,
2020-03-16,Mon,normal,,-4,EDT,1584365400,1584388800
2020-03-17,Tue,normal,,-4,EDT,1584451800,1584475200
2020-03-18,Wed,normal,,-4,EDT,1584538200,1584561600
2020-03-19,Thu,normal,,-4,EDT,1584624600,1584648000
2020-03-20,Fri,normal,,-4,EDT,1584711000,1584734400
2020-03-21,Sat,weekend,,-4,EDT,,
2020-03-22,Sun,weekend,,-4,EDT,,
2020-03-23,Mon,normal,,-4,EDT,1584970200,1584993600
2020-03-24,Tue,normal,,-4,EDT,1585056600,1585080000
2020-03-25,Wed,normal,,-4,EDT,1585143000,1585166400
2020-03-26,Thu,normal,,-4,EDT,1585229400,1585252800
2020-03-27,Fri,normal,,-4,EDT,1585315800,1585339200
2020-03-28,Sat,weekend,,-4,EDT,,
2020-03-29,Sun,weekend,,-4,EDT,,
2020-03-30,Mon,normal,,-4,EDT,1585575000,1585598400
2020-03-31,Tue,normal,,-4,EDT,1585661400,1585684800
2020-04-01,Wed,normal,,-4,EDT,1585747800,1585771200
2020-04-02,Thu,normal,,-4,EDT,1585834200,1585857600
2020-04-03,Fri,normal,,-4,EDT,1585920600,1585944000
2020-04-04,Sat,weekend,,-4,EDT,,
2020-04-05,Sun,weekend,,-4,EDT,,
2020-04-06,Mon,normal,,-4,EDT,1586179800,1586203200
2020-04-07,Tue,normal,,-4,EDT,1586266200,1586289600
2020-04-08,Wed,normal,,-4,EDT,1586352600,1586376000
2020-04-09,Thu,normal,,-4,EDT,1586439000,1586462400
2020-04-10,Fri,holiday,Good Friday,-4,EDT,,
2020-04-11,Sat,weekend,,-4,EDT,,
2020-04-12,Sun,weekend,,-4,EDT,,
2020-04-13,Mon,normal,,-4,EDT,1586784600,1586808000
2020-04-14,Tue,normal,,-4,EDT,1586871000,1586894400
2020-04-15,Wed,normal,,-4,EDT,1586957400,1586980800
2020-04-16,Thu,normal,,-4,EDT,1587043800,1587067200
2020-04-17,Fri,normal,,-4,EDT,1587130200,1587153600
2020-04-18,Sat,weekend,,-4,EDT,,
2020-04-19,Sun,weekend,,-4,EDT,,
2020-04-20,Mon,normal,,-4,EDT,1587389400,1587412800
2020-04-21,Tue,normal,,-4,EDT,1587475800,1587499200
2020-04-22,Wed,normal,,-4,EDT,1587562200,1587585600
2020-04-23,Thu,normal,,-4,EDT,1587648600,1587672000
2020-04-24,Fri,normal,,-4,EDT,1587735000,1587758400
2020-04-25,Sat,weekend,,-4,EDT,,
2020-04-26,Sun,weekend,,-4,EDT,,
2020-04-27,Mon,normal,,-4,EDT,1587994200,1588017600
2020-04-28,Tue,normal,,-4,EDT,1588080600,1588104000
2020-04-29,Wed,normal,,-4,EDT,1588167000,1588190400
2020-04-30,Thu,normal,,-4,EDT,1588253400,1588276800
2020-05-01,Fri,normal,,-4,EDT,1588339800,1588363200
2020-05-02,Sat,weekend,,-4,EDT,,
2020-05-03,Sun,weekend,,-4,EDT,,
2020-05-04,Mon,normal,,-4,EDT,1588599000,1588622400
2020-05-05,Tue,normal,,-4,EDT,1588685400,1588708800
2020-05-06,Wed,normal,,-4,EDT,1588771800,1588795200
2020-05-07,Thu,normal,,-4,EDT,1588858200,1588881600
2020-05-08,Fri,normal,,-4,EDT,1588944600,1588968000
2020-05-09,Sat,weekend,,-4,EDT,,
2020-05-10,Sun,weekend,,-4,EDT,,
2020-05-11,Mon,normal,,-4,EDT,1589203800,1589227200
2020-05-12,Tue,normal,,-4,EDT,1589290200,1589313600
2020-05-13,Wed,normal,,-4,EDT,1589376600,1589400000
2020-05-14,Thu,normal,,-4,EDT,1589463000,1589486400
2020-05-15,Fri,normal,,-4,EDT,1589549400,1589572800
2020-05-16,Sat,weekend,,-4,EDT,,
2020-05-17,Sun,weekend,,-4,EDT,,
2020-05-18,Mon,normal,,-4,EDT,1589808600,1589832000
2020-05-19,Tue,normal,,-4,EDT,1589895000,1589918400
2020-05-20,Wed,normal,,-4,EDT,1589981400,1590004800
2020-05-21,Thu,normal,,-4,EDT,1590067800,1590091200
2020-05-22,Fri,normal,,-4,EDT,1590154200,1590177600
2020-05-23,Sat,weekend,,-4,EDT,,
2020-05-24,Sun,weekend,,-4,EDT,,
2020-05-25,Mon,holiday,Memorial Day,-4,EDT,,
2020-05-26,Tue,normal,,-4,EDT,1590499800,1590523200
2020-05-27,Wed,normal,,-4,EDT,1590586200,1590609600
2020-05-28,Thu,normal,,-4,EDT,1590672600,1590696000
2020-05-29,Fri,normal,,-4,EDT,1590759000,1590782400
2020-05-30,Sat,weekend,,-4,EDT,,
2020-05-31,Sun,weekend,,-4,EDT,,
2020-06-01,Mon,normal,,-4,EDT,1591018200,1591041600
2020-06-02,Tue,normal,,-4,EDT,1591104600,1591128000
2020-06-03,Wed,normal,,-4,EDT,1591191000,1591214400
2020-06-04,Thu,normal,,-4,EDT,1591277400,1591300800
2020-06-05,Fri,normal,,-4,EDT,1591363800,1591387200
2020-06-06,Sat,weekend,,-4,EDT,,
2020-06-07,Sun,weekend,,-4,EDT,,
2020-06-08,Mon,normal,,-4,EDT,1591623000,1591646400
2020-06-09,Tue,normal,,-4,EDT,1591709400,1591732800
2020-06-10,Wed,normal,,-4,EDT,1591795800,1591819200
2020-06-11,Thu,normal,,-4,EDT,1591882200,1591905600
2020-06-12,Fri,normal,,-4,EDT,1591968600,1591992000
2020-06-13,Sat,weekend,,-4,EDT,,
2020-06-14,Sun,weekend,,-4,EDT,,
2020-06-15,Mon,normal,,-4,EDT,1592227800,1592251200
2020-06-16,Tue,normal,,-4,EDT,1592314200,1592337600
2020-06-17,Wed,normal,,-4,EDT,1592400600,1592424000
2020-06-18,Thu,normal,,-4,EDT,1592487000,1592510400
2020-06-19,Fri,normal,,-4,EDT,1592573400,1592596800
2020-06-20,Sat,weekend,,-4,EDT,,
2020-06-21,Sun,weekend,,-4,EDT,,
2020-06-22,Mon,normal,,-4,EDT,1592832600,1592856000
2020-06-23,Tue,normal,,-4,EDT,1592919000,1592942400
2020-06-24,Wed,normal,,-4,EDT,1593005400,1593028800
2020-06-25,Thu,normal,,-4,EDT,1593091800,1593115200
2020-06-26,Fri,normal,,-4,EDT,1593178200,1593201600
2020-06-27,Sat,weekend,,-4,EDT,,
2020-06-28,Sun,weekend,,-4,EDT,,
2020-06-29,Mon,normal,,-4,EDT,1593437400,1593460800
2020-06-30,Tue,normal,,-4,EDT,1593523800,1593547200
2020-07-01,Wed,normal,,-4,EDT,1593610200,1593633600
2020-07-02,Thu,normal,,-4,EDT,1593696600,1593720000
2020-07-03,Fri,holiday,Independence Day,-4,EDT,,
2020-07-04,Sat,weekend,,-4,EDT,,
2020-07-05,Sun,weekend,,-4,EDT,,
2020-07-06,Mon,normal,,-4,EDT,1594042200,1594065600
2020-07-07,Tue,normal,,-4,EDT,1594128600,1594152000
2020-07-08,Wed,normal,,-4,EDT,1594215000,1594238400
2020-07-09,Thu,normal,,-4,EDT,1594301400,1594324800
2020-07-10,Fri,normal,,-4,EDT,1594387800,1594411200
2020-07-11,Sat,weekend,,-4,EDT,,
2020-07-12,Sun,weekend,,-4,EDT,,
2020-07-13,Mon,normal,,-4,EDT,1594647000,1594670400
2020-07-14,Tue,normal,,-4,EDT,1594733400,1594756800
2020-07-15,Wed,normal,,-4,EDT,1594819800,1594843200
2020-07-16,Thu,normal,,-4,EDT,1594906200,1594929600
2020-07-17,Fri,normal,,-4,EDT,1594992600,1595016000
2020-07-18,Sat,weekend,,-4,EDT,,
2020-07-19,Sun,weekend,,-4,EDT,,
2020-07-20,Mon,normal,,-4,EDT,1595251800,1595275200
2020-07-21,Tue,normal,,-4,EDT,1595338200,1595361600
2020-07-22,Wed,normal,,-4,EDT,1595424600,1595448000
2020-07-23,Thu,normal,,-4,EDT,1595511000,1595534400
2020-07-24,Fri,normal,,-4,EDT,1595597400,1595620800
2020-07-25,Sat,weekend,,-4,EDT,,
2020-07-26,Sun,weekend,,-4,EDT,,
2020-07-27,Mon,normal,,-4,EDT,1595856600,1595880000
2020-07-28,Tue,normal,,-4,EDT,1595943000,1595966400
2020-07-29,Wed,normal,,-4,EDT,1596029400,1596052800
2020-07-30,Thu,normal,,-4,EDT,1596115800,1596139200
2020-07-31,Fri,normal,,-4,EDT,1596202200,1596225600
2020-08-01,Sat,weekend,,-4,EDT,,
2020-08-02,Sun,weekend,,-4,EDT,,
2020-08-03,Mon,normal,,-4,EDT,1596461400,1596484800
2020-08-04,Tue,normal,,-4,EDT,1596547800,1596571200
2020-08-05,Wed,normal,,-4,EDT,1596634200,1596657600
2020-08-06,Thu,normal,,-4,EDT,1596720600,1596744000
2020-08-07,Fri,normal,,-4,EDT,1596807000,1596830400
2020-08-08,Sat,weekend,,-4,EDT,,
2020-08-09,Sun,weekend,,-4,EDT,,
2020-08-10,Mon,normal,,-4,EDT,1597066200,1597089600
2020-08-11,Tue,normal,,-4,EDT,1597152600,1597176000
2020-08-12,Wed,normal,,-4,EDT,1597239000,1597262400
2020-08-13,Thu,normal,,-4,EDT,1597325400,1597348800
2020-08-14,Fri,normal,,-4,EDT,1597411800,1597435200
2020-08-15,Sat,weekend,,-4,EDT,,
2020-08-16,Sun,weekend,,-4,EDT,,
2020-08-17,Mon,normal,,-4,EDT,1597671000,1597694400
2020-08-18,Tue,normal,,-4,EDT,1597757400,1597780800
2020-08-19,Wed,normal,,-4,EDT,1597843800,1597867200
2020-08-20,Thu,normal,,-4,EDT,1597930200,1597953600
2020-08-21,Fri,normal,,-4,EDT,1598016600,1598040000
2020-08-22,Sat,weekend,,-4,EDT,,
2020-08-23,Sun,weekend,,-4,EDT,,
2020-08-24,Mon,normal,,-4,EDT,1598275800,1598299200
2020-08-25,Tue,normal,,-4,EDT,1598362200,1598385600
2020-08-26,Wed,normal,,-4,EDT,1598448600,1598472000
2020-08-27,Thu,normal,,-4,EDT,1598535000,1598558400
2020-08-28,Fri,normal,,-4,EDT,1598621400,1598644800
2020-08-29,Sat,weekend,,-4,EDT,,
2020-08-30,Sun,weekend,,-4,EDT,,
2020-08-31,Mon,normal,,-4,EDT,1598880600,1598904000
2020-09-01,Tue,normal,,-4,EDT,1598967000,1598990400
2020-09-02,Wed,normal,,-4,EDT,1599053400,1599076800
2020-09-03,Thu,normal,,-4,EDT,1599139800,1599163200
2020-09-04,Fri,normal,,-4,EDT,1599226200,1599249600
2020-09-05,Sat,weekend,,-4,EDT,,
2020-09-06,Sun,weekend,,-4,EDT,,
2020-09-07,Mon,holiday,Labor Day,-4,EDT,,
2020-09-08,Tue,normal,,-4,EDT,1599571800,1599595200
2020-09-09,Wed,normal,,-4,EDT,1599658200,1599681600
2020-09-10,Thu,normal,,-4,EDT,1599744600,1599768000
2020-09-11,Fri,normal,,-4,EDT,1599831000,1599854400
2020-09-12,Sat,weekend,,-4,EDT,,
2020-09-13,Sun,weekend,,-4,EDT,,
2020-09-14,Mon,normal,,-4,EDT,1600090200,1600113600
2020-09-15,Tue,normal,,-4,EDT,1600176600,1600200000
2020-09-16,Wed,normal,,-4,EDT,1600263000,1600286400
2020-09-17,Thu,normal,,-4,EDT,1600349400,1600372800
2020-09-18,Fri,normal,,-4,EDT,1600435800,1600459200
2020-09-19,Sat,weekend,,-4,EDT,,
2020-09-20,Sun,weekend,,-4,EDT,,
2020-09-21,Mon,normal,,-4,EDT,1600695000,1600718400
2020-09-22,Tue,normal,,-4,EDT,1600781400,1600804800
2020-09-23,Wed,normal,,-4,EDT,1600867800,1600891200
2020-09-24,Thu,normal,,-4,EDT,1600954200,1600977600
2020-09-25,Fri,normal,,-4,EDT,1601040600,1601064000
2020-09-26,Sat,weekend,,-4,EDT,,
2020-09-27,Sun,weekend,,-4,EDT,,
2020-09-28,Mon,normal,,-4,EDT,1601299800,1601323200
2020-09-29,Tue,normal,,-4,EDT,1601386200,1601409600
2020-09-30,Wed,normal,,-4,EDT,1601472600,1601496000
2020-10-01,Thu,normal,,-4,EDT,1601559000,1601582400
2020-10-02,Fri,normal,,-4,EDT,1601645400,1601668800
2020-10-03,Sat,weekend,,-4,EDT,,
2020-10-04,Sun,weekend,,-4,EDT,,
2020-10-05,Mon,normal,,-4,EDT,1601904600,1601928000
2020-10-06,Tue,normal,,-4,EDT,1601991000,1602014400
2020-10-07,Wed,normal,,-4,EDT,1602077400,1602100800
2020-10-08,Thu,normal,,-4,EDT,1602163800,1602187200
2020-10-09,Fri,normal,,-4,EDT,1602250200,1602273600
2020-10-10,Sat,weekend,,-4,EDT,,
2020-10-11,Sun,weekend,,-4,EDT,,
2020-10-12,Mon,normal,,-4,EDT,1602509400,1602532800
2020-10-13,Tue,normal,,-4,EDT,1602595800,1602619200
2020-10-14,Wed,normal,,-4,EDT,1602682200,1602705600
2020-10-15,Thu,normal,,-4,EDT,1602768600,1602792000
2020-10-16,Fri,normal,,-4,EDT,1602855000,1602878400
2020-10-17,Sat,weekend,,-4,EDT,,
2020-10-18,Sun,weekend,,-4,EDT,,
2020-10-19,Mon,normal,,-4,EDT,1603114200,1603137600
2020-10-20,Tue,normal,,-4,EDT,1603200600,1603224000
2020-10-21,Wed,normal,,-4,EDT,1603287000,1603310400
2020-10-22,Thu,normal,,-4,EDT,1603373400,1603396800
2020-10-23,Fri,normal,,-4,EDT,1603459800,1603483200
2020-10-24,Sat,weekend,,-4,EDT,,
2020-10-25,Sun,weekend,,-4,EDT,,
2020-10-26,Mon,normal,,-4,EDT,1603719000,1603742400
2020-10-27,Tue,normal,,-4,EDT,1603805400,1603828800
2020-10-28,Wed,normal,,-4,EDT,1603891800,1603915200
2020-10-29,Thu,normal,,-4,EDT,1603978200,1604001600
2020-10-30,Fri,normal,,-4,EDT,1604064600,1604088000
2020-10-31,Sat,weekend,,-4,EDT,,
2020-11-01,Sun,weekend,,-5,EST,,
2020-11-02,Mon,normal,,-5,EST,1604327400,1604350800
2020-11-03,Tue,normal,,-5,EST,1604413800,1604437200
2020-11-04,Wed,normal,,-5,EST,1604500200,1604523600
2020-11-05,Thu,normal,,-5,EST,1604586600,1604610000
2020-11-06,Fri,normal,,-5,EST,1604673000,1604696400
2020-11-07,Sat,weekend,,-5,EST,,
2020-11-08,Sun,weekend,,-5,EST,,
2020-11-09,Mon,normal,,-5,EST,1604932200,1604955600
2020-11-10,Tue,normal,,-5,EST,1605018600,1605042000
2020-11-11,Wed,normal,,-5,EST,1605105000,1605128400
2020-11-12,Thu,normal,,-5,EST,1605191400,1605214800
2020-11-13,Fri,normal,,-5,EST,1605277800,1605301200
2020-11-14,Sat,weekend,,-5,EST,,
2020-11-15,Sun,weekend,,-5,EST,,
2020-11-16,Mon,normal,,-5,EST,1605537000,1605560400
2020-11-17,Tue,normal,,-5,EST,1605623400,1605646800
2020-11-18,Wed,normal,,-5,EST,1605709800,1605733200
2020-11-19,Thu,normal,,-5,EST,1605796200,1605819600
2020-11-20,Fri,normal,,-5,EST,1605882600,1605906000
2020-11-21,Sat,weekend,,-5,EST,,
2020-11-22,Sun,weekend,,-5,EST,,
2020-11-23,Mon,normal,,-5,EST,1606141800,1606165200
2020-11-24,Tue,normal,,-5,EST,1606228200,1606251600
2020-11-25,Wed,normal,,-5,EST,1606314600,1606338000
2020-11-26,Thu,holiday,Thanksgiving Day,-5,EST,,
2020-11-27,Fri,early_close,Day after Thanksgiving,-5,EST,1606487400,1606500000
2020-11-28,Sat,weekend,,-5,EST,,
2020-11-29,Sun,weekend,,-5,EST,,
2020-11-30,Mon,normal,,-5,EST,1606746600,1606770000
2020-12-01,Tue,normal,,-5,EST,1606833000,1606856400
2020-12-02,Wed,normal,,-5,EST,1606919400,1606942800
2020-12-03,Thu,normal,,-5,EST,1607005800,1607029200
2020-12-04,Fri,normal,,-5,EST,1607092200,1607115600
2020-12-05,Sat,weekend,,-5,EST,,
2020-12-06,Sun,weekend,,-5,EST,,
2020-12-07,Mon,normal,,-5,EST,1607351400,1607374800
2020-12-08,Tue,normal,,-5,EST,1607437800,1607461200
2020-12-09,Wed,normal,,-5,EST,1607524200,1607547600
2020-12-10,Thu,normal,,-5,EST,1607610600,1607634000
2020-12-11,Fri,normal,,-5,EST,1607697000,1607720400
2020-12-12,Sat,weekend,,-5,EST,,
2020-12-13,Sun,weekend,,-5,EST,,
2020-12-14,Mon,normal,,-5,EST,1607956200,1607979600
2020-12-15,Tue,normal,,-5,EST,1608042600,1608066000
2020-12-16,Wed,normal,,-5,EST,1608129000,1608152400
2020-12-17,Thu,normal,,-5,EST,1608215400,1608238800
2020-12-18,Fri,normal,,-5,EST,1608301800,1608325200
2020-12-19,Sat,weekend,,-5,EST,,
2020-12-20,Sun,weekend,,-5,EST,,
2020-12-21,Mon,normal,,-5,EST,1608561000,1608584400
2020-12-22,Tue,normal,,-5,EST,1608647400,1608670800
2020-12-23,Wed,normal,,-5,EST,1608733800,1608757200
2020-12-24,Thu,early_close,Christmas Eve,-5,EST,1608820200,1608832800
2020-12-25,Fri,holiday,Christmas Day,-5,EST,,
2020-12-26,Sat,weekend,,-5,EST,,
2020-12-27,Sun,weekend,,-5,EST,,
2020-12-28,Mon,normal,,-5,EST,1609165800,1609189200
2020-12-29,Tue,normal,,-5,EST,1609252200,1609275600
2020-12-30,Wed,normal,,-5,EST,1609338600,1609362000
2020-12-31,Thu,normal,,-5,EST,1609425000,1609448400
2021-01-01,Fri,holiday,New Year's Day,-5,EST,,
2021-01-02,Sat,weekend,,-5,EST,,
2021-01-03,Sun,weekend,,-5,EST,,
2021-01-04,Mon,normal,,-5,EST,1609770600,1609794000
2021-01-05,Tue,normal,,-5,EST,1609857000,1609880400
2021-01-06,Wed,normal,,-5,EST,1609943400,1609966800
2021-01-07,Thu,normal,,-5,EST,1610029800,1610053200
2021-01-08,Fri,normal,,-5,EST,1610116200,1610139600
2021-01-09,Sat,weekend,,-5,EST,,
2021-01-10,Sun,weekend,,-5,EST,,
2021-01-11,Mon,normal,,-5,EST,1610375400,1610398800
2021-01-12,Tue,normal,,-5,EST,1610461800,1610485200
2021-01-13,Wed,normal,,-5,EST,1610548200,1610571600
2021-01-14,Thu,normal,,-5,EST,1610634600,1610658000
2021-01-15,Fri,normal,,-5,EST,1610721000,1610744400
2021-01-16,Sat,weekend,,-5,EST,,
2021-01-17,Sun,weekend,,-5,EST,,
2021-01-18,Mon,holiday,Martin Luther King Jr. Day,-5,EST,,
2021-01-19,Tue,normal,,-5,EST,1611066600,1611090000
2021-01-20,Wed,normal,,-5,EST,1611153000,1611176400
2021-01-21,Thu,normal,,-5,EST,1611239400,1611262800
2021-01-22,Fri,normal,,-5,EST,1611325800,1611349200
2021-01-23,Sat,weekend,,-5,EST,,
2021-01-24,Sun,weekend,,-5,EST,,
2021-01-25,Mon,normal,,-5,EST,1611585000,1611608400
2021-01-26,Tue,normal,,-5,EST,1611671400,1611694800
2021-01-27,Wed,normal,,-5,EST,1611757800,1611781200
2021-01-28,Thu,normal,,-5,EST,1611844200,1611867600
2021-01-29,Fri,normal,,-5,EST,1611930600,1611954000
2021-01-30,Sat,weekend,,-5,EST,,
2021-01-31,Sun,weekend,,-5,EST,,
2021-02-01,Mon,normal,,-5,EST,1612189800,1612213200
2021-02-02,Tue,normal,,-5,EST,1612276200,1612299600
2021-02-03,Wed,normal,,-5,EST,1612362600,1612386000
2021-02-04,Thu,normal,,-5,EST,1612449000,1612472400
2021-02-05,Fri,normal,,-5,EST,1612535400,1612558800
2021-02-06,Sat,weekend,,-5,EST,,
2021-02-07,Sun,weekend,,-5,EST,,
2021-02-08,Mon,normal,,-5,EST,1612794600,1612818000
2021-02-09,Tue,normal,,-5,EST,1612881000,1612904400
2021-02-10,Wed,normal,,-5,EST,1612967400,1612990800
2021-02-11,Thu,normal,,-5,EST,1613053800,1613077200
2021-02-12,Fri,normal,,-5,EST,1613140200,1613163600
2021-02-13,Sat,weekend,,-5,EST,,
2021-02-14,Sun,weekend,,-5,EST,,
2021-02-15,Mon,holiday,Washington's Birthday,-5,EST,,
2021-02-16,Tue,normal,,-5,EST,1613485800,1613509200
2021-02-17,Wed,normal,,-5,EST,1613572200,1613595600
2021-02-18,Thu,normal,,-5,EST,1613658600,1613682000
2021-02-19,Fri,normal,,-5,EST,1613745000,1613768400
2021-02-20,Sat,weekend,,-5,EST,,
2021-02-21,Sun,weekend,,-5,EST,,
2021-02-22,Mon,normal,,-5,EST,1614004200,1614027600
2021-02-23,Tue,normal,,-5,EST,1614090600,1614114000
2021-02-24,Wed,normal,,-5,EST,1614177000,1614200400
2021-02-25,Thu,normal,,-5,EST,1614263400,1614286800
2021-02-26,Fri,normal,,-5,EST,1614349800,1614373200
2021-02-27,Sat,weekend,,-5,EST,,
2021-02-28,Sun,weekend,,-5,EST,,
2021-03-01,Mon,normal,,-5,EST,1614609000,1614632400
2021-03-02,Tue,normal,,-5,EST,1614695400,1614718800
2021-03-03,Wed,normal,,-5,EST,1614781800,1614805200
2021-03-04,Thu,normal,,-5,EST,1614868200,1614891600
2021-03-05,Fri,normal,,-5,EST,1614954600,1614978000
2021-03-06,Sat,weekend,,-5,EST,,
2021-03-07,Sun,weekend,,-5,EST,,
2021-03-08,Mon,normal,,-5,EST,1615213800,1615237200
2021-03-09,Tue,normal,,-5,EST,1615300200,1615323600
2021-03-10,Wed,normal,,-5,EST,1615386600,1615410000
2021-03-11,Thu,normal,,-5,EST,1615473000,1615496400
2021-03-12,Fri,normal,,-5,EST,1615559400,1615582800
2021-03-13,Sat,weekend,,-5,EST,,
2021-03-14,Sun,weekend,,-4,EDT,,
2021-03-15,Mon,normal,,-4,EDT,1615815000,1615838400
2021-03-16,Tue,normal,,-4,EDT,1615901400,1615924800
2021-03-17,Wed,normal,,-4,EDT,1615987800,1616011200
2021-03-18,Thu,normal,,-4,EDT,1616074200,1616097600
2021-03-19,Fri,normal,,-4,EDT,1616160600,1616184000
2021-03-20,Sat,weekend,,-4,EDT,,
2021-03-21,Sun,weekend,,-4,EDT,,
2021-03-22,Mon,normal,,-4,EDT,1616419800,1616443200
2021-03-23,Tue,normal,,-4,EDT,1616506200,1616529600
2021-03-24,Wed,normal,,-4,EDT,1616592600,1616616000
2021-03-25,Thu,normal,,-4,EDT,1616679000,1616702400
2021-03-26,Fri,normal,,-4,EDT,1616765400,1616788800
2021-03-27,Sat,weekend,,-4,EDT,,
2021-03-28,Sun,weekend,,-4,EDT,,
2021-03-29,Mon,normal,,-4,EDT,1617024600,1617048000
2021-03-30,Tue,normal,,-4,EDT,1617111000,1617134400
2021-03-31,Wed,normal,,-4,EDT,1617197400,1617220800
2021-04-01,Thu,normal,,-4,EDT,1617283800,1617307200
2021-04-02,Fri,holiday,Good Friday,-4,EDT,,
2021-04-03,Sat,weekend,,-4,EDT,,
2021-04-04,Sun,weekend,,-4,EDT,,
2021-04-05,Mon,normal,,-4,EDT,1617629400,1617652800
2021-04-06,Tue,normal,,-4,EDT,1617715800,1617739200
2021-04-07,Wed,normal,,-4,EDT,1617802200,1617825600
2021-04-08,Thu,normal,,-4,EDT,1617888600,1617912000
2021-04-09,Fri,normal,,-4,EDT,1617975000,1617998400
2021-04-10,Sat,weekend,,-4,EDT,,
2021-04-11,Sun,weekend,,-4,EDT,,
2021-04-12,Mon,normal,,-4,EDT,1618234200,1618257600
2021-04-13,Tue,normal,,-4,EDT,1618320600,1618344000
2021-04-14,Wed,normal,,-4,EDT,1618407000,1618430400
2021-04-15,Thu,normal,,-4,EDT,1618493400,1618516800
2021-04-16,Fri,normal,,-4,EDT,1618579800,1618603200
2021-04-17,Sat,weekend,,-4,EDT,,
2021-04-18,Sun,weekend,,-4,EDT,,
2021-04-19,Mon,normal,,-4,EDT,1618839000,1618862400
2021-04-20,Tue,normal,,-4,EDT,1618925400,1618948800
2021-04-21,Wed,normal,,-4,EDT,1619011800,1619035200
2021-04-22,Thu,normal,,-4,EDT,1619098200,1619121600
2021-04-23,Fri,normal,,-4,EDT,1619184600,1619208000
2021-04-24,Sat,weekend,,-4,EDT,,
2021-04-25,Sun,weekend,,-4,EDT,,
2021-04-26,Mon,normal,,-4,EDT,1619443800,1619467200
2021-04-27,Tue,normal,,-4,EDT,1619530200,1619553600
2021-04-28,Wed,normal,,-4,EDT,1619616600,1619640000
2021-04-29,Thu,normal,,-4,EDT,1619703000,1619726400
2021-04-30,Fri,normal,,-4,EDT,1619789400,1619812800
2021-05-01,Sat,weekend,,-4,EDT,,
2021-05-02,Sun,weekend,,-4,EDT,,
2021-05-03,Mon,normal,,-4,EDT,1620048600,1620072000
2021-05-04,Tue,normal,,-4,EDT,1620135000,1620158400
2021-05-05,Wed,normal,,-4,EDT,1620221400,1620244800
2021-05-06,Thu,normal,,-4,EDT,1620307800,1620331200
2021-05-07,Fri,normal,,-4,EDT,1620394200,1620417600
2021-05-08,Sat,weekend,,-4,EDT,,
2021-05-09,Sun,weekend,,-4,EDT,,
2021-05-10,Mon,normal,,-4,EDT,1620653400,1620676800
2021-05-11,Tue,normal,,-4,EDT,1620739800,1620763200
2021-05-12,Wed,normal,,-4,EDT,1620826200,1620849600
2021-05-13,Thu,normal,,-4,EDT,1620912600,1620936000
2021-05-14,Fri,normal,,-4,EDT,1620999000,1621022400
2021-05-15,Sat,weekend,,-4,EDT,,
2021-05-16,Sun,weekend,,-4,EDT,,
2021-05-17,Mon,normal,,-4,EDT,1621258200,1621281600
2021-05-18,Tue,normal,,-4,EDT,1621344600,1621368000
2021-05-19,Wed,normal,,-4,EDT,1621431000,1621454400
2021-05-20,Thu,normal,,-4,EDT,1621517400,1621540800
2021-05-21,Fri,normal,,-4,EDT,1621603800,1621627200
2021-05-22,Sat,weekend,,-4,EDT,,
2021-05-23,Sun,weekend,,-4,EDT,,
2021-05-24,Mon,normal,,-4,EDT,1621863000,1621886400
2021-05-25,Tue,normal,,-4,EDT,1621949400,1621972800
2021-05-26,Wed,normal,,-4,EDT,1622035800,1622059200
2021-05-27,Thu,normal,,-4,EDT,1622122200,1622145600
2021-05-28,Fri,normal,,-4,EDT,1622208600,1622232000
2021-05-29,Sat,weekend,,-4,EDT,,
2021-05-30,Sun,weekend,,-4,EDT,,
2021-05-31,Mon,holiday,Memorial Day,-4,EDT,,
2021-06-01,Tue,normal,,-4,EDT,1622554200,1622577600
2021-06-02,Wed,normal,,-4,EDT,1622640600,1622664000
2021-06-03,Thu,normal,,-4,EDT,1622727000,1622750400
2021-06-04,Fri,normal,,-4,EDT,1622813400,1622836800
2021-06-05,Sat,weekend,,-4,EDT,,
2021-06-06,Sun,weekend,,-4,EDT,,
2021-06-07,Mon,normal,,-4,EDT,1623072600,1623096000
2021-06-08,Tue,normal,,-4,EDT,1623159000,1623182400
2021-06-09,Wed,normal,,-4,EDT,1623245400,1623268800
2021-06-10,Thu,normal,,-4,EDT,1623331800,1623355200
2021-06-11,Fri,normal,,-4,EDT,1623418200,1623441600
2021-06-12,Sat,weekend,,-4,EDT,,
2021-06-13,Sun,weekend,,-4,EDT,,
2021-06-14,Mon,normal,,-4,EDT,1623677400,1623700800
2021-06-15,Tue,normal,,-4,EDT,1623763800,1623787200
2021-06-16,Wed,normal,,-4,EDT,1623850200,1623873600
2021-06-17,Thu,normal,,-4,EDT,1623936600,1623960000
2021-06-18,Fri,normal,,-4,EDT,1624023000,1624046400
2021-06-19,Sat,weekend,,-4,EDT,,
2021-06-20,Sun,weekend,,-4,EDT,,
2021-06-21,Mon,normal,,-4,EDT,1624282200,1624305600
2021-06-22,Tue,normal,,-4,EDT,1624368600,1624392000
2021-06-23,Wed,normal,,-4,EDT,1624455000,1624478400
2021-06-24,Thu,normal,,-4,EDT,1624541400,1624564800
2021-06-25,Fri,normal,,-4,EDT,1624627800,1624651200
2021-06-26,Sat,weekend,,-4,EDT,,
2021-06-27,Sun,weekend,,-4,EDT,,
2021-06-28,Mon,normal,,-4,EDT,1624887000,1624910400
2021-06-29,Tue,normal,,-4,EDT,1624973400,1624996800
2021-06-30,Wed,normal,,-4,EDT,1625059800,1625083200
2021-07-01,Thu,normal,,-4,EDT,1625146200,1625169600
2021-07-02,Fri,normal,,-4,EDT,1625232600,1625256000
2021-07-03,Sat,weekend,,-4,EDT,,
2021-07-04,Sun,weekend,,-4,EDT,,
2021-07-05,Mon,holiday,Independence Day,-4,EDT,,
2021-07-06,Tue,normal,,-4,EDT,1625578200,1625601600
2021-07-07,Wed,normal,,-4,EDT,1625664600,1625688000
2021-07-08,Thu,normal,,-4,EDT,1625751000,1625774400
2021-07-09,Fri,normal,,-4,EDT,1625837400,1625860800
2021-07-10,Sat,weekend,,-4,EDT,,
2021-07-11,Sun,weekend,,-4,EDT,,
2021-07-12,Mon,normal,,-4,EDT,1626096600,1626120000
2021-07-13,Tue,normal,,-4,EDT,1626183000,1626206400
2021-07-14,Wed,normal,,-4,EDT,1626269400,1626292800
2021-07-15,Thu,normal,,-4,EDT,1626355800,1626379200
2021-07-16,Fri,normal,,-4,EDT,1626442200,1626465600
2021-07-17,Sat,weekend,,-4,EDT,,
2021-07-18,Sun,weekend,,-4,EDT,,
2021-07-19,Mon,normal,,-4,EDT,1626701400,1626724800
2021-07-20,Tue,normal,,-4,EDT,1626787800,1626811200
2021-07-21,Wed,normal,,-4,EDT,1626874200,1626897600
2021-07-22,Thu,normal,,-4,EDT,1626960600,1626984000
2021-07-23,Fri,normal,,-4,EDT,1627047000,1627070400
2021-07-24,Sat,weekend,,-4,EDT,,
2021-07-25,Sun,weekend,,-4,EDT,,
2021-07-26,Mon,normal,,-4,EDT,1627306200,1627329600
2021-07-27,Tue,normal,,-4,EDT,1627392600,1627416000
2021-07-28,Wed,normal,,-4,EDT,1627479000,1627502400
2021-07-29,Thu,normal,,-4,EDT,1627565400,1627588800
2021-07-30,Fri,normal,,-4,EDT,1627651800,1627675200
2021-07-31,Sat,weekend,,-4,EDT,,
2021-08-01,Sun,weekend,,-4,EDT,,
2021-08-02,Mon,normal,,-4,EDT,1627911000,1627934400
2021-08-03,Tue,normal,,-4,EDT,1627997400,1628020800
2021-08-04,Wed,normal,,-4,EDT,1628083800,1628107200
2021-08-05,Thu,normal,,-4,EDT,1628170200,1628193600
2021-08-06,Fri,normal,,-4,EDT,1628256600,1628280000
2021-08-07,Sat,weekend,,-4,EDT,,
2021-08-08,Sun,weekend,,-4,EDT,,
2021-08-09,Mon,normal,,-4,EDT,1628515800,1628539200
2021-08-10,Tue,normal,,-4,EDT,1628602200,1628625600
2021-08-11,Wed,normal,,-4,EDT,1628688600,1628712000
2021-08-12,Thu,normal,,-4,EDT,1628775000,1628798400
2021-08-13,Fri,normal,,-4,EDT,1628861400,1628884800
2021-08-14,Sat,weekend,,-4,EDT,,
2021-08-15,Sun,weekend,,-4,EDT,,
2021-08-16,Mon,normal,,-4,EDT,1629120600,1629144000
2021-08-17,Tue,normal,,-4,EDT,1629207000,1629230400
2021-08-18,Wed,normal,,-4,EDT,1629293400,1629316800
2021-08-19,Thu,normal,,-4,EDT,1629379800,1629403200
2021-08-20,Fri,normal,,-4,EDT,1629466200,1629489600
2021-08-21,Sat,weekend,,-4,EDT,,
2021-08-22,Sun,weekend,,-4,EDT,,
2021-08-23,Mon,normal,,-4,EDT,1629725400,1629748800
2021-08-24,Tue,normal,,-4,EDT,1629811800,1629835200
2021-08-25,Wed,normal,,-4,EDT,1629898200,1629921600
2021-08-26,Thu,normal,,-4,EDT,1629984600,1630008000
2021-08-27,Fri,normal,,-4,EDT,1630071000,1630094400
2021-08-28,Sat,weekend,,-4,EDT,,
2021-08-29,Sun,weekend,,-4,EDT,,
2021-08-30,Mon,normal,,-4,EDT,1630330200,1630353600
2021-08-31,Tue,normal,,-4,EDT,1630416600,1630440000
2021-09-01,Wed,normal,,-4,EDT,1630503000,1630526400
2021-09-02,Thu,normal,,-4,EDT,1630589400,1630612800
2021-09-03,Fri,normal,,-4,EDT,1630675800,1630699200
2021-09-04,Sat,weekend,,-4,EDT,,
2021-09-05,Sun,weekend,,-4,EDT,,
2021-09-06,Mon,holiday,Labor Day,-4,EDT,,
2021-09-07,Tue,normal,,-4,EDT,1631021400,1631044800
2021-09-08,Wed,normal,,-4,EDT,1631107800,1631131200
2021-09-09,Thu,normal,,-4,EDT,1631194200,1631217600
2021-09-10,Fri,normal,,-4,EDT,1631280600,1631304000
2021-09-11,Sat,weekend,,-4,EDT,,
2021-09-12,Sun,weekend,,-4,EDT,,
2021-09-13,Mon,normal,,-4,EDT,1631539800,1631563200
2021-09-14,Tue,normal,,-4,EDT,1631626200,1631649600
2021-09-15,Wed,normal,,-4,EDT,1631712600,1631736000
2021-09-16,Thu,normal,,-4,EDT,1631799000,1631822400
2021-09-17,Fri,normal,,-4,EDT,1631885400,1631908800
2021-09-18,Sat,weekend,,-4,EDT,,
2021-09-19,Sun,weekend,,-4,EDT,,
2021-09-20,Mon,normal,,-4,EDT,1632144600,1632168000
2021-09-21,Tue,normal,,-4,EDT,1632231000,1632254400
2021-09-22,Wed,normal,,-4,EDT,1632317400,1632340800
2021-09-23,Thu,normal,,-4,EDT,1632403800,1632427200
2021-09-24,Fri,normal,,-4,EDT,1632490200,1632513600
2021-09-25,Sat,weekend,,-4,EDT,,
2021-09-26,Sun,weekend,,-4,EDT,,
2021-09-27,Mon,normal,,-4,EDT,1632749400,1632772800
2021-09-28,Tue,normal,,-4,EDT,1632835800,1632859200
2021-09-29,Wed,normal,,-4,EDT,1632922200,1632945600
2021-09-30,Thu,normal,,-4,EDT,1633008600,1633032000
2021-10-01,Fri,normal,,-4,EDT,1633095000,1633118400
2021-10-02,Sat,weekend,,-4,EDT,,
2021-10-03,Sun,weekend,,-4,EDT,,
2021-10-04,Mon,normal,,-4,EDT,1633354200,1633377600
2021-10-05,Tue,normal,,-4,EDT,1633440600,1633464000
2021-10-06,Wed,normal,,-4,EDT,1633527000,1633550400
2021-10-07,Thu,normal,,-4,EDT,1633613400,1633636800
2021-10-08,Fri,normal,,-4,EDT,1633699800,1633723200
2021-10-09,Sat,weekend,,-4,EDT,,
2021-10-10,Sun,weekend,,-4,EDT,,
2021-10-11,Mon,normal,,-4,EDT,1633959000,1633982400
2021-10-12,Tue,normal,,-4,EDT,1634045400,1634068800
2021-10-13,Wed,normal,,-4,EDT,1634131800,1634155200
2021-10-14,Thu,normal,,-4,EDT,1634218200,1634241600
2021-10-15,Fri,normal,,-4,EDT,1634304600,1634328000
2021-10-16,Sat,weekend,,-4,EDT,,
2021-10-17,Sun,weekend,,-4,EDT,,
2021-10-18,Mon,normal,,-4,EDT,1634563800,1634587200
2021-10-19,Tue,normal,,-4,EDT,1634650200,1634673600
2021-10-20,Wed,normal,,-4,EDT,1634736600,1634760000
2021-10-21,Thu,normal,,-4,EDT,1634823000,1634846400
2021-10-22,Fri,normal,,-4,EDT,1634909400,1634932800
2021-10-23,Sat,weekend,,-4,EDT,,
2021-10-24,Sun,weekend,,-4,EDT,,
2021-10-25,Mon,normal,,-4,EDT,1635168600,1635192000
2021-10-26,Tue,normal,,-4,EDT,1635255000,1635278400
2021-10-27,Wed,normal,,-4,EDT,1635341400,1635364800
2021-10-28,Thu,normal,,-4,EDT,1635427800,1635451200
2021-10-29,Fri,normal,,-4,EDT,1635514200,1635537600
2021-10-30,Sat,weekend,,-4,EDT,,
2021-10-31,Sun,weekend,,-4,EDT,,
2021-11-01,Mon,normal,,-4,EDT,1635773400,1635796800
2021-11-02,Tue,normal,,-4,EDT,1635859800,1635883200
2021-11-03,Wed,normal,,-4,EDT,1635946200,1635969600
2021-11-04,Thu,normal,,-4,EDT,1636032600,1636056000
2021-11-05,Fri,normal,,-4,EDT,1636119000,1636142400
2021-11-06,Sat,weekend,,-4,EDT,,
2021-11-07,Sun,weekend,,-5,EST,,
2021-11-08,Mon,normal,,-5,EST,1636381800,1636405200
2021-11-09,Tue,normal,,-5,EST,1636468200,1636491600
2021-11-10,Wed,normal,,-5,EST,1636554600,1636578000
2021-11-11,Thu,normal,,-5,EST,1636641000,1636664400
2021-11-12,Fri,normal,,-5,EST,1636727400,1636750800
2021-11-13,Sat,weekend,,-5,EST,,
2021-11-14,Sun,weekend,,-5,EST,,
2021-11-15,Mon,normal,,-5,EST,1636986600,1637010000
2021-11-16,Tue,normal,,-5,EST,1637073000,1637096400
2021-11-17,Wed,normal,,-5,EST,1637159400,1637182800
2021-11-18,Thu,normal,,-5,EST,1637245800,1637269200
2021-11-19,Fri,normal,,-5,EST,1637332200,1637355600
2021-11-20,Sat,weekend,,-5,EST,,
2021-11-21,Sun,weekend,,-5,EST,,
2021-11-22,Mon,normal,,-5,EST,1637591400,1637614800
2021-11-23,Tue,normal,,-5,EST,1637677800,1637701200
2021-11-24,Wed,normal,,-5,EST,1637764200,1637787600
2021-11-25,Thu,holiday,Thanksgiving Day,-5,EST,,
2021-11-26,Fri,early_close,Day after Thanksgiving,-5,EST,1637937000,1637949600
2021-11-27,Sat,weekend,,-5,EST,,
2021-11-28,Sun,weekend,,-5,EST,,
2021-11-29,Mon,normal,,-5,EST,1638196200,1638219600
2021-11-30,Tue,normal,,-5,EST,1638282600,1638306000
2021-12-01,Wed,normal,,-5,EST,1638369000,1638392400
2021-12-02,Thu,normal,,-5,EST,1638455400,1638478800
2021-12-03,Fri,normal,,-5,EST,1638541800,1638565200
2021-12-04,Sat,weekend,,-5,EST,,
2021-12-05,Sun,weekend,,-5,EST,,
2021-12-06,Mon,normal,,-5,EST,1638801000,1638824400
2021-12-07,Tue,normal,,-5,EST,1638887400,1638910800
2021-12-08,Wed,normal,,-5,EST,1638973800,1638997200
2021-12-09,Thu,normal,,-5,EST,1639060200,1639083600
2021-12-10,Fri,normal,,-5,EST,1639146600,1639170000
2021-12-11,Sat,weekend,,-5,EST,,
2021-12-12,Sun,weekend,,-5,EST,,
2021-12-13,Mon,normal,,-5,EST,1639405800,1639429200
2021-12-14,Tue,normal,,-5,EST,1639492200,1639515600
2021-12-15,Wed,normal,,-5,EST,1639578600,1639602000
2021-12-16,Thu,normal,,-5,EST,1639665000,1639688400
2021-12-17,Fri,normal,,-5,EST,1639751400,1639774800
2021-12-18,Sat,weekend,,-5,EST,,
2021-12-19,Sun,weekend,,-5,EST,,
2021-12-20,Mon,normal,,-5,EST,1640010600,1640034000
2021-12-21,Tue,normal,,-5,EST,1640097000,1640120400
2021-12-22,Wed,normal,,-5,EST,1640183400,1640206800
2021-12-23,Thu,normal,,-5,EST,1640269800,1640293200
2021-12-24,Fri,holiday,Christmas Day,-5,EST,,
2021-12-25,Sat,weekend,,-5,EST,,
2021-12-26,Sun,weekend,,-5,EST,,
2021-12-27,Mon,normal,,-5,EST,1640615400,1640638800
2021-12-28,Tue,normal,,-5,EST,1640701800,1640725200
2021-12-29,Wed,normal,,-5,EST,1640788200,1640811600
2021-12-30,Thu,normal,,-5,EST,1640874600,1640898000
2021-12-31,Fri,normal,,-5,EST,1640961000,1640984400
2022-01-01,Sat,weekend,,-5,EST,,
2022-01-02,Sun,weekend,,-5,EST,,
2022-01-03,Mon,normal,,-5,EST,1641220200,1641243600
2022-01-04,Tue,normal,,-5,EST,1641306600,1641330000
2022-01-05,Wed,normal,,-5,EST,1641393000,1641416400
2022-01-06,Thu,normal,,-5,EST,1641479400,1641502800
2022-01-07,Fri,normal,,-5,EST,1641565800,1641589200
2022-01-08,Sat,weekend,,-5,EST,,
2022-01-09,Sun,weekend,,-5,EST,,
2022-01-10,Mon,normal,,-5,EST,1641825000,1641848400
2022-01-11,Tue,normal,,-5,EST,1641911400,1641934800
2022-01-12,Wed,normal,,-5,EST,1641997800,1642021200
2022-01-13,Thu,normal,,-5,EST,1642084200,1642107600
2022-01-14,Fri,normal,,-5,EST,1642170600,1642194000
2022-01-15,Sat,weekend,,-5,EST,,
2022-01-16,Sun,weekend,,-5,EST,,
2022-01-17,Mon,holiday,Martin Luther King Jr. Day,-5,EST,,
2022-01-18,Tue,normal,,-5,EST,1642516200,1642539600
2022-01-19,Wed,normal,,-5,EST,1642602600,1642626000
2022-01-20,Thu,normal,,-5,EST,1642689000,1642712400
2022-01-21,Fri,normal,,-5,EST,1642775400,1642798800
2022-01-22,Sat,weekend,,-5,EST,,
2022-01-23,Sun,weekend,,-5,EST,,
2022-01-24,Mon,normal,,-5,EST,1643034600,1643058000
2022-01-25,Tue,normal,,-5,EST,1643121000,1643144400
2022-01-26,Wed,normal,,-5,EST,1643207400,1643230800
2022-01-27,Thu,normal,,-5,EST,1643293800,1643317200
2022-01-28,Fri,normal,,-5,EST,1643380200,1643403600
2022-01-29,Sat,weekend,,-5,EST,,
2022-01-30,Sun,weekend,,-5,EST,,
2022-01-31,Mon,normal,,-5,EST,1643639400,1643662800
2022-02-01,Tue,normal,,-5,EST,1643725800,1643749200
2022-02-02,Wed,normal,,-5,EST,1643812200,1643835600
2022-02-03,Thu,normal,,-5,EST,1643898600,1643922000
2022-02-04,Fri,normal,,-5,EST,1643985000,1644008400
2022-02-05,Sat,weekend,,-5,EST,,
2022-02-06,Sun,weekend,,-5,EST,,
2022-02-07,Mon,normal,,-5,EST,1644244200,1644267600
2022-02-08,Tue,normal,,-5,EST,1644330600,1644354000
2022-02-09,Wed,normal,,-5,EST,1644417000,1644440400
2022-02-10,Thu,normal,,-5,EST,1644503400,1644526800
2022-02-11,Fri,normal,,-5,EST,1644589800,1644613200
2022-02-12,Sat,weekend,,-5,EST,,
2022-02-13,Sun,weekend,,-5,EST,,
2022-02-14,Mon,normal,,-5,EST,1644849000,1644872400
2022-02-15,Tue,normal,,-5,EST,1644935400,1644958800
2022-02-16,Wed,normal,,-5,EST,1645021800,1645045200
2022-02-17,Thu,normal,,-5,EST,1645108200,1645131600
2022-02-18,Fri,normal,,-5,EST,1645194600,1645218000
2022-02-19,Sat,weekend,,-5,EST,,
2022-02-20,Sun,weekend,,-5,EST,,
2022-02-21,Mon,holiday,Washington's Birthday,-5,EST,,
2022-02-22,Tue,normal,,-5,EST,1645540200,1645563600
2022-02-23,Wed,normal,,-5,EST,1645626600,1645650000
2022-02-24,Thu,normal,,-5,EST,1645713000,1645736400
2022-02-25,Fri,normal,,-5,EST,1645799400,1645822800
2022-02-26,Sat,weekend,,-5,EST,,
2022-02-27,Sun,weekend,,-5,EST,,
2022-02-28,Mon,normal,,-5,EST,1646058600,1646082000
2022-03-01,Tue,normal,,-5,EST,1646145000,1646168400
2022-03-02,Wed,normal,,-5,EST,1646231400,1646254800
2022-03-03,Thu,normal,,-5,EST,1646317800,1646341200
2022-03-04,Fri,normal,,-5,EST,1646404200,1646427600
2022-03-05,Sat,weekend,,-5,EST,,
2022-03-06,Sun,weekend,,-5,EST,,
2022-03-07,Mon,normal,,-5,EST,1646663400,1646686800
2022-03-08,Tue,normal,,-5,EST,1646749800,1646773200
2022-03-09,Wed,normal,,-5,EST,1646836200,1646859600
2022-03-10,Thu,normal,,-5,EST,1646922600,1646946000
2022-03-11,Fri,normal,,-5,EST,1647009000,1647032400
2022-03-12,Sat,weekend,,-5,EST,,
2022-03-13,Sun,weekend,,-4,EDT,,
2022-03-14,Mon,normal,,-4,EDT,1647264600,1647288000
2022-03-15,Tue,normal,,-4,EDT,1647351000,1647374400
2022-03-16,Wed,normal,,-4,EDT,1647437400,1647460800
2022-03-17,Thu,normal,,-4,EDT,1647523800,1647547200
2022-03-18,Fri,normal,,-4,EDT,1647610200,1647633600
2022-03-19,Sat,weekend,,-4,EDT,,
2022-03-20,Sun,weekend,,-4,EDT,,
2022-03-21,Mon,normal,,-4,EDT,1647869400,1647892800
2022-03-22,Tue,normal,,-4,EDT,1647955800,1647979200
2022-03-23,Wed,normal,,-4,EDT,1648042200,1648065600
2022-03-24,Thu,normal,,-4,EDT,1648128600,1648152000
2022-03-25,Fri,normal,,-4,EDT,1648215000,1648238400
2022-03-26,Sat,weekend,,-4,EDT,,
2022-03-27,Sun,weekend,,-4,EDT,,
2022-03-28,Mon,normal,,-4,EDT,1648474200,1648497600
2022-03-29,Tue,normal,,-4,EDT,1648560600,1648584000
2022-03-30,Wed,normal,,-4,EDT,1648647000,1648670400
2022-03-31,Thu,normal,,-4,EDT,1648733400,1648756800
2022-04-01,Fri,normal,,-4,EDT,1648819800,1648843200
2022-04-02,Sat,weekend,,-4,EDT,,
2022-04-03,Sun,weekend,,-4,EDT,,
2022-04-04,Mon,normal,,-4,EDT,1649079000,1649102400
2022-04-05,Tue,normal,,-4,EDT,1649165400,1649188800
2022-04-06,Wed,normal,,-4,EDT,1649251800,1649275200
2022-04-07,Thu,normal,,-4,EDT,1649338200,1649361600
2022-04-08,Fri,normal,,-4,EDT,1649424600,1649448000
2022-04-09,Sat,weekend,,-4,EDT,,
2022-04-10,Sun,weekend,,-4,EDT,,
2022-04-11,Mon,normal,,-4,EDT,1649683800,1649707200
2022-04-12,Tue,normal,,-4,EDT,1649770200,1649793600
2022-04-13,Wed,normal,,-4,EDT,1649856600,1649880000
2022-04-14,Thu,normal,,-4,EDT,1649943000,1649966400
2022-04-15,Fri,holiday,Good Friday,-4,EDT,,
2022-04-16,Sat,weekend,,-4,EDT,,
2022-04-17,Sun,weekend,,-4,EDT,,
2022-04-18,Mon,normal,,-4,EDT,1650288600,1650312000
2022-04-19,Tue,normal,,-4,EDT,1650375000,1650398400
2022-04-20,Wed,normal,,-4,EDT,1650461400,1650484800
2022-04-21,Thu,normal,,-4,EDT,1650547800,1650571200
2022-04-22,Fri,normal,,-4,EDT,1650634200,1650657600
2022-04-23,Sat,weekend,,-4,EDT,,
2022-04-24,Sun,weekend,,-4,EDT,,
2022-04-25,Mon,normal,,-4,EDT,1650893400,1650916800
2022-04-26,Tue,normal,,-4,EDT,1650979800,1651003200
2022-04-27,Wed,normal,,-4,EDT,1651066200,1651089600
2022-04-28,Thu,normal,,-4,EDT,1651152600,1651176000
2022-04-29,Fri,normal,,-4,EDT,1651239000,1651262400
2022-04-30,Sat,weekend,,-4,EDT,,
2022-05-01,Sun,weekend,,-4,EDT,,
2022-05-02,Mon,normal,,-4,EDT,1651498200,1651521600
2022-05-03,Tue,normal,,-4,EDT,1651584600,1651608000
2022-05-04,Wed,normal,,-4,EDT,1651671000,1651694400
2022-05-05,Thu,normal,,-4,EDT,1651757400,1651780800
2022-05-06,Fri,normal,,-4,EDT,1651843800,1651867200
2022-05-07,Sat,weekend,,-4,EDT,,
2022-05-08,Sun,weekend,,-4,EDT,,
2022-05-09,Mon,normal,,-4,EDT,1652103000,1652126400
2022-05-10,Tue,normal,,-4,EDT,1652189400,1652212800
2022-05-11,Wed,normal,,-4,EDT,1652275800,1652299200
2022-05-12,Thu,normal,,-4,EDT,1652362200,1652385600
2022-05-13,Fri,normal,,-4,EDT,1652448600,1652472000
2022-05-14,Sat,weekend,,-4,EDT,,
2022-05-15,Sun,weekend,,-4,EDT,,
2022-05-16,Mon,normal,,-4,EDT,1652707800,1652731200
2022-05-17,Tue,normal,,-4,EDT,1652794200,1652817600
2022-05-18,Wed,normal,,-4,EDT,1652880600,1652904000
2022-05-19,Thu,normal,,-4,EDT,1652967000,1652990400
2022-05-20,Fri,normal,,-4,EDT,1653053400,1653076800
2022-05-21,Sat,weekend,,-4,EDT,,
2022-05-22,Sun,weekend,,-4,EDT,,
2022-05-23,Mon,normal,,-4,EDT,1653312600,1653336000
2022-05-24,Tue,normal,,-4,EDT,1653399000,1653422400
2022-05-25,Wed,normal,,-4,EDT,1653485400,1653508800
2022-05-26,Thu,normal,,-4,EDT,1653571800,1653595200
2022-05-27,Fri,normal,,-4,EDT,1653658200,1653681600
2022-05-28,Sat,weekend,,-4,EDT,,
2022-05-29,Sun,weekend,,-4,EDT,,
2022-05-30,Mon,holiday,Memorial Day,-4,EDT,,
2022-05-31,Tue,normal,,-4,EDT,1654003800,1654027200
2022-06-01,Wed,normal,,-4,EDT,1654090200,1654113600
2022-06-02,Thu,normal,,-4,EDT,1654176600,1654200000
2022-06-03,Fri,normal,,-4,EDT,1654263000,1654286400
2022-06-04,Sat,weekend,,-4,EDT,,
2022-06-05,Sun,weekend,,-4,EDT,,
2022-06-06,Mon,normal,,-4,EDT,1654522200,1654545600
2022-06-07,Tue,normal,,-4,EDT,1654608600,1654632000
2022-06-08,Wed,normal,,-4,EDT,1654695000,1654718400
2022-06-09,Thu,normal,,-4,EDT,1654781400,1654804800
2022-06-10,Fri,normal,,-4,EDT,1654867800,1654891200
2022-06-11,Sat,weekend,,-4,EDT,,
2022-06-12,Sun,weekend,,-4,EDT,,
2022-06-13,Mon,normal,,-4,EDT,1655127000,1655150400
2022-06-14,Tue,normal,,-4,EDT,1655213400,1655236800
2022-06-15,Wed,normal,,-4,EDT,1655299800,1655323200
2022-06-16,Thu,normal,,-4,EDT,1655386200,1655409600
2022-06-17,Fri,normal,,-4,EDT,1655472600,1655496000
2022-06-18,Sat,weekend,,-4,EDT,,
2022-06-19,Sun,weekend,,-4,EDT,,
2022-06-20,Mon,holiday,Juneteenth National Independence Day,-4,EDT,,
2022-06-21,Tue,normal,,-4,EDT,1655818200,1655841600
2022-06-22,Wed,normal,,-4,EDT,1655904600,1655928000
2022-06-23,Thu,normal,,-4,EDT,1655991000,1656014400
2022-06-24,Fri,normal,,-4,EDT,1656077400,1656100800
2022-06-25,Sat,weekend,,-4,EDT,,
2022-06-26,Sun,weekend,,-4,EDT,,
2022-06-27,Mon,normal,,-4,EDT,1656336600,1656360000
2022-06-28,Tue,normal,,-4,EDT,1656423000,1656446400
2022-06-29,Wed,normal,,-4,EDT,1656509400,1656532800
2022-06-30,Thu,normal,,-4,EDT,1656595800,1656619200
2022-07-01,Fri,normal,,-4,EDT,1656682200,1656705600
2022-07-02,Sat,weekend,,-4,EDT,,
2022-07-03,Sun,weekend,,-4,EDT,,
2022-07-04,Mon,holiday,Independence Day,-4,EDT,,
2022-07-05,Tue,normal,,-4,EDT,1657027800,1657051200
2022-07-06,Wed,normal,,-4,EDT,1657114200,1657137600
2022-07-07,Thu,normal,,-4,EDT,1657200600,1657224000
2022-07-08,Fri,normal,,-4,EDT,1657287000,1657310400
2022-07-09,Sat,weekend,,-4,EDT,,
2022-07-10,Sun,weekend,,-4,EDT,,
2022-07-11,Mon,normal,,-4,EDT,1657546200,1657569600
2022-07-12,Tue,normal,,-4,EDT,1657632600,1657656000
2022-07-13,Wed,normal,,-4,EDT,1657719000,1657742400
2022-07-14,Thu,normal,,-4,EDT,1657805400,1657828800
2022-07-15,Fri,normal,,-4,EDT,1657891800,1657915200
2022-07-16,Sat,weekend,,-4,EDT,,
2022-07-17,Sun,weekend,,-4,EDT,,
2022-07-18,Mon,normal,,-4,EDT,1658151000,1658174400
2022-07-19,Tue,normal,,-4,EDT,1658237400,1658260800
2022-07-20,Wed,normal,,-4,EDT,1658323800,1658347200
2022-07-21,Thu,normal,,-4,EDT,1658410200,1658433600
2022-07-22,Fri,normal,,-4,EDT,1658496600,1658520000
2022-07-23,Sat,weekend,,-4,EDT,,
2022-07-24,Sun,weekend,,-4,EDT,,
2022-07-25,Mon,normal,,-4,EDT,1658755800,1658779200
2022-07-26,Tue,normal,,-4,EDT,1658842200,1658865600
2022-07-27,Wed,normal,,-4,EDT,1658928600,1658952000
2022-07-28,Thu,normal,,-4,EDT,1659015000,1659038400
2022-07-29,Fri,normal,,-4,EDT,1659101400,1659124800
2022-07-30,Sat,weekend,,-4,EDT,,
2022-07-31,Sun,weekend,,-4,EDT,,
2022-08-01,Mon,normal,,-4,EDT,1659360600,1659384000
2022-08-02,Tue,normal,,-4,EDT,1659447000,1659470400
2022-08-03,Wed,normal,,-4,EDT,1659533400,1659556800
2022-08-04,Thu,normal,,-4,EDT,1659619800,1659643200
2022-08-05,Fri,normal,,-4,EDT,1659706200,1659729600
2022-08-06,Sat,weekend,,-4,EDT,,
2022-08-07,Sun,weekend,,-4,EDT,,
2022-08-08,Mon,normal,,-4,EDT,1659965400,1659988800
2022-08-09,Tue,normal,,-4,EDT,1660051800,1660075200
2022-08-10,Wed,normal,,-4,EDT,1660138200,1660161600
2022-08-11,Thu,normal,,-4,EDT,1660224600,1660248000
2022-08-12,Fri,normal,,-4,EDT,1660311000,1660334400
2022-08-13,Sat,weekend,,-4,EDT,,
2022-08-14,Sun,weekend,,-4,EDT,,
2022-08-15,Mon,normal,,-4,EDT,1660570200,1660593600
2022-08-16,Tue,normal,,-4,EDT,1660656600,1660680000
2022-08-17,Wed,normal,,-4,EDT,1660743000,1660766400
2022-08-18,Thu,normal,,-4,EDT,1660829400,1660852800
2022-08-19,Fri,normal,,-4,EDT,1660915800,1660939200
2022-08-20,Sat,weekend,,-4,EDT,,
2022-08-21,Sun,weekend,,-4,EDT,,
2022-08-22,Mon,normal,,-4,EDT,1661175000,1661198400
2022-08-23,Tue,normal,,-4,EDT,1661261400,1661284800
2022-08-24,Wed,normal,,-4,EDT,1661347800,1661371200
2022-08-25,Thu,normal,,-4,EDT,1661434200,1661457600
2022-08-26,Fri,normal,,-4,EDT,1661520600,1661544000
2022-08-27,Sat,weekend,,-4,EDT,,
2022-08-28,Sun,weekend,,-4,EDT,,
2022-08-29,Mon,normal,,-4,EDT,1661779800,1661803200
2022-08-30,Tue,normal,,-4,EDT,1661866200,1661889600
2022-08-31,Wed,normal,,-4,EDT,1661952600,1661976000
2022-09-01,Thu,normal,,-4,EDT,1662039000,1662062400
2022-09-02,Fri,normal,,-4,EDT,1662125400,1662148800
2022-09-03,Sat,weekend,,-4,EDT,,
2022-09-04,Sun,weekend,,-4,EDT,,
2022-09-05,Mon,holiday,Labor Day,-4,EDT,,
2022-09-06,Tue,normal,,-4,EDT,1662471000,1662494400
2022-09-07,Wed,normal,,-4,EDT,1662557400,1662580800
2022-09-08,Thu,normal,,-4,EDT,1662643800,1662667200
2022-09-09,Fri,normal,,-4,EDT,1662730200,1662753600
2022-09-10,Sat,weekend,,-4,EDT,,
2022-09-11,Sun,weekend,,-4,EDT,,
2022-09-12,Mon,normal,,-4,EDT,1662989400,1663012800
2022-09-13,Tue,normal,,-4,EDT,1663075800,1663099200
2022-09-14,Wed,normal,,-4,EDT,1663162200,1663185600
2022-09-15,Thu,normal,,-4,EDT,1663248600,1663272000
2022-09-16,Fri,normal,,-4,EDT,1663335000,1663358400
2022-09-17,Sat,weekend,,-4,EDT,,
2022-09-18,Sun,weekend,,-4,EDT,,
2022-09-19,Mon,normal,,-4,EDT,1663594200,1663617600
2022-09-20,Tue,normal,,-4,EDT,1663680600,1663704000
2022-09-21,Wed,normal,,-4,EDT,1663767000,1663790400
2022-09-22,Thu,normal,,-4,EDT,1663853400,1663876800
2022-09-23,Fri,normal,,-4,EDT,1663939800,1663963200
2022-09-24,Sat,weekend,,-4,EDT,,
2022-09-25,Sun,weekend,,-4,EDT,,
2022-09-26,Mon,normal,,-4,EDT,1664199000,1664222400
2022-09-27,Tue,normal,,-4,EDT,1664285400,1664308800
2022-09-28,Wed,normal,,-4,EDT,1664371800,1664395200
2022-09-29,Thu,normal,,-4,EDT,1664458200,1664481600
2022-09-30,Fri,normal,,-4,EDT,1664544600,1664568000
2022-10-01,Sat,weekend,,-4,EDT,,
2022-10-02,Sun,weekend,,-4,EDT,,
2022-10-03,Mon,normal,,-4,EDT,1664803800,1664827200
2022-10-04,Tue,normal,,-4,EDT,1664890200,1664913600
2022-10-05,Wed,normal,,-4,EDT,1664976600,1665000000
2022-10-06,Thu,normal,,-4,EDT,1665063000,1665086400
2022-10-07,Fri,normal,,-4,EDT,1665149400,1665172800
2022-10-08,Sat,weekend,,-4,EDT,,
2022-10-09,Sun,weekend,,-4,EDT,,
2022-10-10,Mon,normal,,-4,EDT,1665408600,1665432000
2022-10-11,Tue,normal,,-4,EDT,1665495000,1665518400
2022-10-12,Wed,normal,,-4,EDT,1665581400,1665604800
2022-10-13,Thu,normal,,-4,EDT,1665667800,1665691200
2022-10-14,Fri,normal,,-4,EDT,1665754200,1665777600
2022-10-15,Sat,weekend,,-4,EDT,,
2022-10-16,Sun,weekend,,-4,EDT,,
2022-10-17,Mon,normal,,-4,EDT,1666013400,1666036800
2022-10-18,Tue,normal,,-4,EDT,1666099800,1666123200
2022-10-19,Wed,normal,,-4,EDT,1666186200,1666209600
2022-10-20,Thu,normal,,-4,EDT,1666272600,1666296000
2022-10-21,Fri,normal,,-4,EDT,1666359000,1666382400
2022-10-22,Sat,weekend,,-4,EDT,,
2022-10-23,Sun,weekend,,-4,EDT,,
2022-10-24,Mon,normal,,-4,EDT,1666618200,1666641600
2022-10-25,Tue,normal,,-4,EDT,1666704600,1666728000
2022-10-26,Wed,normal,,-4,EDT,1666791000,1666814400
2022-10-27,Thu,normal,,-4,EDT,1666877400,1666900800
2022-10-28,Fri,normal,,-4,EDT,1666963800,1666987200
2022-10-29,Sat,weekend,,-4,EDT,,
2022-10-30,Sun,weekend,,-4,EDT,,
2022-10-31,Mon,normal,,-4,EDT,1667223000,1667246400
2022-11-01,Tue,normal,,-4,EDT,1667309400,1667332800
2022-11-02,Wed,normal,,-4,EDT,1667395800,1667419200
2022-11-03,Thu,normal,,-4,EDT,1667482200,1667505600
2022-11-04,Fri,normal,,-4,EDT,1667568600,1667592000
2022-11-05,Sat,weekend,,-4,EDT,,
2022-11-06,Sun,weekend,,-5,EST,,
2022-11-07,Mon,normal,,-5,EST,1667831400,1667854800
2022-11-08,Tue,normal,,-5,EST,1667917800,1667941200
2022-11-09,Wed,normal,,-5,EST,1668004200,1668027600
2022-11-10,Thu,normal,,-5,EST,1668090600,1668114000
2022-11-11,Fri,normal,,-5,EST,1668177000,1668200400
2022-11-12,Sat,weekend,,-5,EST,,
2022-11-13,Sun,weekend,,-5,EST,,
2022-11-14,Mon,normal,,-5,EST,1668436200,1668459600
2022-11-15,Tue,normal,,-5,EST,1668522600,1668546000
2022-11-16,Wed,normal,,-5,EST,1668609000,1668632400
2022-11-17,Thu,normal,,-5,EST,1668695400,1668718800
2022-11-18,Fri,normal,,-5,EST,1668781800,1668805200
2022-11-19,Sat,weekend,,-5,EST,,
2022-11-20,Sun,weekend,,-5,EST,,
2022-11-21,Mon,normal,,-5,EST,1669041000,1669064400
2022-11-22,Tue,normal,,-5,EST,1669127400,1669150800
2022-11-23,Wed,normal,,-5,EST,1669213800,1669237200
2022-11-24,Thu,holiday,Thanksgiving Day,-5,EST,,
2022-11-25,Fri,early_close,Day after Thanksgiving,-5,EST,1669386600,1669399200
2022-11-26,Sat,weekend,,-5,EST,,
2022-11-27,Sun,weekend,,-5,EST,,
2022-11-28,Mon,normal,,-5,EST,1669645800,1669669200
2022-11-29,Tue,normal,,-5,EST,1669732200,1669755600
2022-11-30,Wed,normal,,-5,EST,1669818600,1669842000
2022-12-01,Thu,normal,,-5,EST,1669905000,1669928400
2022-12-02,Fri,normal,,-5,EST,1669991400,1670014800
2022-12-03,Sat,weekend,,-5,EST,,
2022-12-04,Sun,weekend,,-5,EST,,
2022-12-05,Mon,normal,,-5,EST,1670250600,1670274000
2022-12-06,Tue,normal,,-5,EST,1670337000,1670360400
2022-12-07,Wed,normal,,-5,EST,1670423400,1670446800
2022-12-08,Thu,normal,,-5,EST,1670509800,1670533200
2022-12-09,Fri,normal,,-5,EST,1670596200,1670619600
2022-12-10,Sat,weekend,,-5,EST,,
2022-12-11,Sun,weekend,,-5,EST,,
2022-12-12,Mon,normal,,-5,EST,1670855400,1670878800
2022-12-13,Tue,normal,,-5,EST,1670941800,1670965200
2022-12-14,Wed,normal,,-5,EST,1671028200,1671051600
2022-12-15,Thu,normal,,-5,EST,1671114600,1671138000
2022-12-16,Fri,normal,,-5,EST,1671201000,1671224400
2022-12-17,Sat,weekend,,-5,EST,,
2022-12-18,Sun,weekend,,-5,EST,,
2022-12-19,Mon,normal,,-5,EST,1671460200,1671483600
2022-12-20,Tue,normal,,-5,EST,1671546600,1671570000
2022-12-21,Wed,normal,,-5,EST,1671633000,1671656400
2022-12-22,Thu,normal,,-5,EST,1671719400,1671742800
2022-12-23,Fri,normal,,-5,EST,1671805800,1671829200
2022-12-24,Sat,weekend,,-5,EST,,
2022-12-25,Sun,weekend,,-5,EST,,
2022-12-26,Mon,holiday,Christmas Day,-5,EST,,
2022-12-27,Tue,normal,,-5,EST,1672151400,1672174800
2022-12-28,Wed,normal,,-5,EST,1672237800,1672261200
2022-12-29,Thu,normal,,-5,EST,1672324200,1672347600
2022-12-30,Fri,normal,,-5,EST,1672410600,1672434000
2022-12-31,Sat,weekend,,-5,EST,,
2023-01-01,Sun,weekend,,-5,EST,,
2023-01-02,Mon,holiday,New Year's Day,-5,EST,,
2023-01-03,Tue,normal,,-5,EST,1672756200,1672779600
2023-01-04,Wed,normal,,-5,EST,1672842600,1672866000
2023-01-05,Thu,normal,,-5,EST,1672929000,1672952400
2023-01-06,Fri,normal,,-5,EST,1673015400,1673038800
2023-01-07,Sat,weekend,,-5,EST,,
2023-01-08,Sun,weekend,,-5,EST,,
2023-01-09,Mon,normal,,-5,EST,1673274600,1673298000
2023-01-10,Tue,normal,,-5,EST,1673361000,1673384400
2023-01-11,Wed,normal,,-5,EST,1673447400,1673470800
2023-01-12,Thu,normal,,-5,EST,1673533800,1673557200
2023-01-13,Fri,normal,,-5,EST,1673620200,1673643600
2023-01-14,Sat,weekend,,-5,EST,,
2023-01-15,Sun,weekend,,-5,EST,,
2023-01-16,Mon,holiday,Martin Luther King Jr. Day,-5,EST,,
2023-01-17,Tue,normal,,-5,EST,1673965800,1673989200
2023-01-18,Wed,normal,,-5,EST,1674052200,1674075600
2023-01-19,Thu,normal,,-5,EST,1674138600,1674162000
2023-01-20,Fri,normal,,-5,EST,1674225000,1674248400
2023-01-21,Sat,weekend,,-5,EST,,
2023-01-22,Sun,weekend,,-5,EST,,
2023-01-23,Mon,normal,,-5,EST,1674484200,1674507600
2023-01-24,Tue,normal,,-5,EST,1674570600,1674594000
2023-01-25,Wed,normal,,-5,EST,1674657000,1674680400
2023-01-26,Thu,normal,,-5,EST,1674743400,1674766800
2023-01-27,Fri,normal,,-5,EST,1674829800,1674853200
2023-01-28,Sat,weekend,,-5,EST,,
2023-01-29,Sun,weekend,,-5,EST,,
2023-01-30,Mon,normal,,-5,EST,1675089000,1675112400
2023-01-31,Tue,normal,,-5,EST,1675175400,1675198800
2023-02-01,Wed,normal,,-5,EST,1675261800,1675285200
2023-02-02,Thu,normal,,-5,EST,1675348200,1675371600
2023-02-03,Fri,normal,,-5,EST,1675434600,1675458000
2023-02-04,Sat,weekend,,-5,EST,,
2023-02-05,Sun,weekend,,-5,EST,,
2023-02-06,Mon,normal,,-5,EST,1675693800,1675717200
2023-02-07,Tue,normal,,-5,EST,1675780200,1675803600
2023-02-08,Wed,normal,,-5,EST,1675866600,1675890000
2023-02-09,Thu,normal,,-5,EST,1675953000,1675976400
2023-02-10,Fri,normal,,-5,EST,1676039400,1676062800
2023-02-11,Sat,weekend,,-5,EST,,
2023-02-12,Sun,weekend,,-5,EST,,
2023-02-13,Mon,normal,,-5,EST,1676298600,1676322000
2023-02-14,Tue,normal,,-5,EST,1676385000,1676408400
2023-02-15,Wed,normal,,-5,EST,1676471400,1676494800
2023-02-16,Thu,normal,,-5,EST,1676557800,1676581200
2023-02-17,Fri,normal,,-5,EST,1676644200,1676667600
2023-02-18,Sat,weekend,,-5,EST,,
2023-02-19,Sun,weekend,,-5,EST,,
2023-02-20,Mon,holiday,Washington's Birthday,-5,EST,,
2023-02-21,Tue,normal,,-5,EST,1676989800,1677013200
2023-02-22,Wed,normal,,-5,EST,1677076200,1677099600
2023-02-23,Thu,normal,,-5,EST,1677162600,1677186000
2023-02-24,Fri,normal,,-5,EST,1677249000,1677272400
2023-02-25,Sat,weekend,,-5,EST,,
2023-02-26,Sun,weekend,,-5,EST,,
2023-02-27,Mon,normal,,-5,EST,1677508200,1677531600
2023-02-28,Tue,normal,,-5,EST,1677594600,1677618000
2023-03-01,Wed,normal,,-5,EST,1677681000,1677704400
2023-03-02,Thu,normal,,-5,EST,1677767400,1677790800
2023-03-03,Fri,normal,,-5,EST,1677853800,1677877200
2023-03-04,Sat,weekend,,-5,EST,,
2023-03-05,Sun,weekend,,-5,EST,,
2023-03-06,Mon,normal,,-5,EST,1678113000,1678136400
2023-03-07,Tue,normal,,-5,EST,1678199400,1678222800
2023-03-08,Wed,normal,,-5,EST,1678285800,1678309200
2023-03-09,Thu,normal,,-5,EST,1678372200,1678395600
2023-03-10,Fri,normal,,-5,EST,1678458600,1678482000
2023-03-11,Sat,weekend,,-5,EST,,
2023-03-12,Sun,weekend,,-4,EDT,,
2023-03-13,Mon,normal,,-4,EDT,1678714200,1678737600
2023-03-14,Tue,normal,,-4,EDT,1678800600,1678824000
2023-03-15,Wed,normal,,-4,EDT,1678887000,1678910400
2023-03-16,Thu,normal,,-4,EDT,1678973400,1678996800
2023-03-17,Fri,normal,,-4,EDT,1679059800,1679083200
2023-03-18,Sat,weekend,,-4,EDT,,
2023-03-19,Sun,weekend,,-4,EDT,,
2023-03-20,Mon,normal,,-4,EDT,1679319000,1679342400
2023-03-21,Tue,normal,,-4,EDT,1679405400,1679428800
2023-03-22,Wed,normal,,-4,EDT,1679491800,1679515200
2023-03-23,Thu,normal,,-4,EDT,1679578200,1679601600
2023-03-24,Fri,normal,,-4,EDT,1679664600,1679688000
2023-03-25,Sat,weekend,,-4,EDT,,
2023-03-26,Sun,weekend,,-4,EDT,,
2023-03-27,Mon,normal,,-4,EDT,1679923800,1679947200
2023-03-28,Tue,normal,,-4,EDT,1680010200,1680033600
2023-03-29,Wed,normal,,-4,EDT,1680096600,1680120000
2023-03-30,Thu,normal,,-4,EDT,1680183000,1680206400
2023-03-31,Fri,normal,,-4,EDT,1680269400,1680292800
2023-04-01,Sat,weekend,,-4,EDT,,
2023-04-02,Sun,weekend,,-4,EDT,,
2023-04-03,Mon,normal,,-4,EDT,1680528600,1680552000
2023-04-04,Tue,normal,,-4,EDT,1680615000,1680638400
2023-04-05,Wed,normal,,-4,EDT,1680701400,1680724800
2023-04-06,Thu,normal,,-4,EDT,1680787800,1680811200
2023-04-07,Fri,holiday,Good Friday,-4,EDT,,
2023-04-08,Sat,weekend,,-4,EDT,,
2023-04-09,Sun,weekend,,-4,EDT,,
2023-04-10,Mon,normal,,-4,EDT,1681133400,1681156800
2023-04-11,Tue,normal,,-4,EDT,1681219800,1681243200
2023-04-12,Wed,normal,,-4,EDT,1681306200,1681329600
2023-04-13,Thu,normal,,-4,EDT,1681392600,1681416000
2023-04-14,Fri,normal,,-4,EDT,1681479000,1681502400
2023-04-15,Sat,weekend,,-4,EDT,,
2023-04-16,Sun,weekend,,-4,EDT,,
2023-04-17,Mon,normal,,-4,EDT,1681738200,1681761600
2023-04-18,Tue,normal,,-4,EDT,1681824600,1681848000
2023-04-19,Wed,normal,,-4,EDT,1681911000,1681934400
2023-04-20,Thu,normal,,-4,EDT,1681997400,1682020800
2023-04-21,Fri,normal,,-4,EDT,1682083800,1682107200
2023-04-22,Sat,weekend,,-4,EDT,,
2023-04-23,Sun,weekend,,-4,EDT,,
2023-04-24,Mon,normal,,-4,EDT,1682343000,1682366400
2023-04-25,Tue,normal,,-4,EDT,1682429400,1682452800
2023-04-26,Wed,normal,,-4,EDT,1682515800,1682539200
2023-04-27,Thu,normal,,-4,EDT,1682602200,1682625600
2023-04-28,Fri,normal,,-4,EDT,1682688600,1682712000
2023-04-29,Sat,weekend,,-4,EDT,,
2023-04-30,Sun,weekend,,-4,EDT,,
2023-05-01,Mon,normal,,-4,EDT,1682947800,1682971200
2023-05-02,Tue,normal,,-4,EDT,1683034200,1683057600
2023-05-03,Wed,normal,,-4,EDT,1683120600,1683144000
2023-05-04,Thu,normal,,-4,EDT,1683207000,1683230400
2023-05-05,Fri,normal,,-4,EDT,1683293400,1683316800
2023-05-06,Sat,weekend,,-4,EDT,,
2023-05-07,Sun,weekend,,-4,EDT,,
2023-05-08,Mon,normal,,-4,EDT,1683552600,1683576000
2023-05-09,Tue,normal,,-4,EDT,1683639000,1683662400
2023-05-10,Wed,normal,,-4,EDT,1683725400,1683748800
2023-05-11,Thu,normal,,-4,EDT,1683811800,1683835200
2023-05-12,Fri,normal,,-4,EDT,1683898200,1683921600
2023-05-13,Sat,weekend,,-4,EDT,,
2023-05-14,Sun,weekend,,-4,EDT,,
2023-05-15,Mon,normal,,-4,EDT,1684157400,1684180800
2023-05-16,Tue,normal,,-4,EDT,1684243800,1684267200
2023-05-17,Wed,normal,,-4,EDT,1684330200,1684353600
2023-05-18,Thu,normal,,-4,EDT,1684416600,1684440000
2023-05-19,Fri,normal,,-4,EDT,1684503000,1684526400
2023-05-20,Sat,weekend,,-4,EDT,,
2023-05-21,Sun,weekend,,-4,EDT,,
2023-05-22,Mon,normal,,-4,EDT,1684762200,1684785600
2023-05-23,Tue,normal,,-4,EDT,1684848600,1684872000
2023-05-24,Wed,normal,,-4,EDT,1684935000,1684958400
2023-05-25,Thu,normal,,-4,EDT,1685021400,1685044800
2023-05-26,Fri,normal,,-4,EDT,1685107800,1685131200
2023-05-27,Sat,weekend,,-4,EDT,,
2023-05-28,Sun,weekend,,-4,EDT,,
2023-05-29,Mon,holiday,Memorial Day,-4,EDT,,
2023-05-30,Tue,normal,,-4,EDT,1685453400,1685476800
2023-05-31,Wed,normal,,-4,EDT,1685539800,1685563200
2023-06-01,Thu,normal,,-4,EDT,1685626200,1685649600
2023-06-02,Fri,normal,,-4,EDT,1685712600,1685736000
2023-06-03,Sat,weekend,,-4,EDT,,
2023-06-04,Sun,weekend,,-4,EDT,,
2023-06-05,Mon,normal,,-4,EDT,1685971800,1685995200
2023-06-06,Tue,normal,,-4,EDT,1686058200,1686081600
2023-06-07,Wed,normal,,-4,EDT,1686144600,1686168000
2023-06-08,Thu,normal,,-4,EDT,1686231000,1686254400
2023-06-09,Fri,normal,,-4,EDT,1686317400,1686340800
2023-06-10,Sat,weekend,,-4,EDT,,
2023-06-11,Sun,weekend,,-4,EDT,,
2023-06-12,Mon,normal,,-4,EDT,1686576600,1686600000
2023-06-13,Tue,normal,,-4,EDT,1686663000,1686686400
2023-06-14,Wed,normal,,-4,EDT,1686749400,1686772800
2023-06-15,Thu,normal,,-4,EDT,1686835800,1686859200
2023-06-16,Fri,normal,,-4,EDT,1686922200,1686945600
2023-06-17,Sat,weekend,,-4,EDT,,
2023-06-18,Sun,weekend,,-4,EDT,,
2023-06-19,Mon,holiday,Juneteenth National Independence Day,-4,EDT,,
2023-06-20,Tue,normal,,-4,EDT,1687267800,1687291200
2023-06-21,Wed,normal,,-4,EDT,1687354200,1687377600
2023-06-22,Thu,normal,,-4,EDT,1687440600,1687464000
2023-06-23,Fri,normal,,-4,EDT,1687527000,1687550400
2023-06-24,Sat,weekend,,-4,EDT,,
2023-06-25,Sun,weekend,,-4,EDT,,
2023-06-26,Mon,normal,,-4,EDT,1687786200,1687809600
2023-06-27,Tue,normal,,-4,EDT,1687872600,1687896000
2023-06-28,Wed,normal,,-4,EDT,1687959000,1687982400
2023-06-29,Thu,normal,,-4,EDT,1688045400,1688068800
2023-06-30,Fri,normal,,-4,EDT,1688131800,1688155200
2023-07-01,Sat,weekend,,-4,EDT,,
2023-07-02,Sun,weekend,,-4,EDT,,
2023-07-03,Mon,early_close,Day before Independence Day,-4,EDT,1688391000,1688403600
2023-07-04,Tue,holiday,Independence Day,-4,EDT,,
2023-07-05,Wed,normal,,-4,EDT,1688563800,1688587200
2023-07-06,Thu,normal,,-4,EDT,1688650200,1688673600
2023-07-07,Fri,normal,,-4,EDT,1688736600,1688760000
2023-07-08,Sat,weekend,,-4,EDT,,
2023-07-09,Sun,weekend,,-4,EDT,,
2023-07-10,Mon,normal,,-4,EDT,1688995800,1689019200
2023-07-11,Tue,normal,,-4,EDT,1689082200,1689105600
2023-07-12,Wed,normal,,-4,EDT,1689168600,1689192000
2023-07-13,Thu,normal,,-4,EDT,1689255000,1689278400
2023-07-14,Fri,normal,,-4,EDT,1689341400,1689364800
2023-07-15,Sat,weekend,,-4,EDT,,
2023-07-16,Sun,weekend,,-4,EDT,,
2023-07-17,Mon,normal,,-4,EDT,1689600600,1689624000
2023-07-18,Tue,normal,,-4,EDT,1689687000,1689710400
2023-07-19,Wed,normal,,-4,EDT,1689773400,1689796800
2023-07-20,Thu,normal,,-4,EDT,1689859800,1689883200
2023-07-21,Fri,normal,,-4,EDT,1689946200,1689969600
2023-07-22,Sat,weekend,,-4,EDT,,
2023-07-23,Sun,weekend,,-4,EDT,,
2023-07-24,Mon,normal,,-4,EDT,1690205400,1690228800
2023-07-25,Tue,normal,,-4,EDT,1690291800,1690315200
2023-07-26,Wed,normal,,-4,EDT,1690378200,1690401600
2023-07-27,Thu,normal,,-4,EDT,1690464600,1690488000
2023-07-28,Fri,normal,,-4,EDT,1690551000,1690574400
2023-07-29,Sat,weekend,,-4,EDT,,
2023-07-30,Sun,weekend,,-4,EDT,,
2023-07-31,Mon,normal,,-4,EDT,1690810200,1690833600
2023-08-01,Tue,normal,,-4,EDT,1690896600,1690920000
2023-08-02,Wed,normal,,-4,EDT,1690983000,1691006400
2023-08-03,Thu,normal,,-4,EDT,1691069400,1691092800
2023-08-04,Fri,normal,,-4,EDT,1691155800,1691179200
2023-08-05,Sat,weekend,,-4,EDT,,
2023-08-06,Sun,weekend,,-4,EDT,,
2023-08-07,Mon,normal,,-4,EDT,1691415000,1691438400
2023-08-08,Tue,normal,,-4,EDT,1691501400,1691524800
2023-08-09,Wed,normal,,-4,EDT,1691587800,1691611200
2023-08-10,Thu,normal,,-4,EDT,1691674200,1691697600
2023-08-11,Fri,normal,,-4,EDT,1691760600,1691784000
2023-08-12,Sat,weekend,,-4,EDT,,
2023-08-13,Sun,weekend,,-4,EDT,,
2023-08-14,Mon,normal,,-4,EDT,1692019800,1692043200
2023-08-15,Tue,normal,,-4,EDT,1692106200,1692129600
2023-08-16,Wed,normal,,-4,EDT,1692192600,1692216000
2023-08-17,Thu,normal,,-4,EDT,1692279000,1692302400
2023-08-18,Fri,normal,,-4,EDT,1692365400,1692388800
2023-08-19,Sat,weekend,,-4,EDT,,
2023-08-20,Sun,weekend,,-4,EDT,,
2023-08-21,Mon,normal,,-4,EDT,1692624600,1692648000
2023-08-22,Tue,normal,,-4,EDT,1692711000,1692734400
2023-08-23,Wed,normal,,-4,EDT,1692797400,1692820800
2023-08-24,Thu,normal,,-4,EDT,1692883800,1692907200
2023-08-25,Fri,normal,,-4,EDT,1692970200,1692993600
2023-08-26,Sat,weekend,,-4,EDT,,
2023-08-27,Sun,weekend,,-4,EDT,,
2023-08-28,Mon,normal,,-4,EDT,1693229400,1693252800
2023-08-29,Tue,normal,,-4,EDT,1693315800,1693339200
2023-08-30,Wed,normal,,-4,EDT,1693402200,1693425600
2023-08-31,Thu,normal,,-4,EDT,1693488600,1693512000
2023-09-01,Fri,normal,,-4,EDT,1693575000,1693598400
2023-09-02,Sat,weekend,,-4,EDT,,
2023-09-03,Sun,weekend,,-4,EDT,,
2023-09-04,Mon,holiday,Labor Day,-4,EDT,,
2023-09-05,Tue,normal,,-4,EDT,1693920600,1693944000
2023-09-06,Wed,normal,,-4,EDT,1694007000,1694030400
2023-09-07,Thu,normal,,-4,EDT,1694093400,1694116800
2023-09-08,Fri,normal,,-4,EDT,1694179800,1694203200
2023-09-09,Sat,weekend,,-4,EDT,,
2023-09-10,Sun,weekend,,-4,EDT,,
2023-09-11,Mon,normal,,-4,EDT,1694439000,1694462400
2023-09-12,Tue,normal,,-4,EDT,1694525400,1694548800
2023-09-13,Wed,normal,,-4,EDT,1694611800,1694635200
2023-09-14,Thu,normal,,-4,EDT,1694698200,1694721600
2023-09-15,Fri,normal,,-4,EDT,1694784600,1694808000
2023-09-16,Sat,weekend,,-4,EDT,,
2023-09-17,Sun,weekend,,-4,EDT,,
2023-09-18,Mon,normal,,-4,EDT,1695043800,1695067200
2023-09-19,Tue,normal,,-4,EDT,1695130200,1695153600
2023-09-20,Wed,normal,,-4,EDT,1695216600,1695240000
2023-09-21,Thu,normal,,-4,EDT,1695303000,1695326400
2023-09-22,Fri,normal,,-4,EDT,1695389400,1695412800
2023-09-23,Sat,weekend,,-4,EDT,,
2023-09-24,Sun,weekend,,-4,EDT,,
2023-09-25,Mon,normal,,-4,EDT,1695648600,1695672000
2023-09-26,Tue,normal,,-4,EDT,1695735000,1695758400
2023-09-27,Wed,normal,,-4,EDT,1695821400,1695844800
2023-09-28,Thu,normal,,-4,EDT,1695907800,1695931200
2023-09-29,Fri,normal,,-4,EDT,1695994200,1696017600
2023-09-30,Sat,weekend,,-4,EDT,,
2023-10-01,Sun,weekend,,-4,EDT,,
2023-10-02,Mon,normal,,-4,EDT,1696253400,1696276800
2023-10-03,Tue,normal,,-4,EDT,1696339800,1696363200
2023-10-04,Wed,normal,,-4,EDT,1696426200,1696449600
2023-10-05,Thu,normal,,-4,EDT,1696512600,1696536000
2023-10-06,Fri,normal,,-4,EDT,1696599000,1696622400
2023-10-07,Sat,weekend,,-4,EDT,,
2023-10-08,Sun,weekend,,-4,EDT,,
2023-10-09,Mon,normal,,-4,EDT,1696858200,1696881600
2023-10-10,Tue,normal,,-4,EDT,1696944600,1696968000
2023-10-11,Wed,normal,,-4,EDT,1697031000,1697054400
2023-10-12,Thu,normal,,-4,EDT,1697117400,1697140800
2023-10-13,Fri,normal,,-4,EDT,1697203800,1697227200
2023-10-14,Sat,weekend,,-4,EDT,,
2023-10-15,Sun,weekend,,-4,EDT,,
2023-10-16,Mon,normal,,-4,EDT,1697463000,1697486400
2023-10-17,Tue,normal,,-4,EDT,1697549400,1697572800
2023-10-18,Wed,normal,,-4,EDT,1697635800,1697659200
2023-10-19,Thu,normal,,-4,EDT,1697722200,1697745600
2023-10-20,Fri,normal,,-4,EDT,1697808600,1697832000
2023-10-21,Sat,weekend,,-4,EDT,,
2023-10-22,Sun,weekend,,-4,EDT,,
2023-10-23,Mon,normal,,-4,EDT,1698067800,1698091200
2023-10-24,Tue,normal,,-4,EDT,1698154200,1698177600
2023-10-25,Wed,normal,,-4,EDT,1698240600,1698264000
2023-10-26,Thu,normal,,-4,EDT,1698327000,1698350400
2023-10-27,Fri,normal,,-4,EDT,1698413400,1698436800
2023-10-28,Sat,weekend,,-4,EDT,,
2023-10-29,Sun,weekend,,-4,EDT,,
2023-10-30,Mon,normal,,-4,EDT,1698672600,1698696000
2023-10-31,Tue,normal,,-4,EDT,1698759000,1698782400
2023-11-01,Wed,normal,,-4,EDT,1698845400,1698868800
2023-11-02,Thu,normal,,-4,EDT,1698931800,1698955200
2023-11-03,Fri,normal,,-4,EDT,1699018200,1699041600
2023-11-04,Sat,weekend,,-4,EDT,,
2023-11-05,Sun,weekend,,-5,EST,,
2023-11-06,Mon,normal,,-5,EST,1699281000,1699304400
2023-11-07,Tue,normal,,-5,EST,1699367400,1699390800
2023-11-08,Wed,normal,,-5,EST,1699453800,1699477200
2023-11-09,Thu,normal,,-5,EST,1699540200,1699563600
2023-11-10,Fri,normal,,-5,EST,1699626600,1699650000
2023-11-11,Sat,weekend,,-5,EST,,
2023-11-12,Sun,weekend,,-5,EST,,
2023-11-13,Mon,normal,,-5,EST,1699885800,1699909200
2023-11-14,Tue,normal,,-5,EST,1699972200,1699995600
2023-11-15,Wed,normal,,-5,EST,1700058600,1700082000
2023-11-16,Thu,normal,,-5,EST,1700145000,1700168400
2023-11-17,Fri,normal,,-5,EST,1700231400,1700254800
2023-11-18,Sat,weekend,,-5,EST,,
2023-11-19,Sun,weekend,,-5,EST,,
2023-11-20,Mon,normal,,-5,EST,1700490600,1700514000
2023-11-21,Tue,normal,,-5,EST,1700577000,1700600400
2023-11-22,Wed,normal,,-5,EST,1700663400,1700686800
2023-11-23,Thu,holiday,Thanksgiving Day,-5,EST,,
2023-11-24,Fri,early_close,Day after Thanksgiving,-5,EST,1700836200,1700848800
2023-11-25,Sat,weekend,,-5,EST,,
2023-11-26,Sun,weekend,,-5,EST,,
2023-11-27,Mon,normal,,-5,EST,1701095400,1701118800
2023-11-28,Tue,normal,,-5,EST,1701181800,1701205200
2023-11-29,Wed,normal,,-5,EST,1701268200,1701291600
2023-11-30,Thu,normal,,-5,EST,1701354600,1701378000
2023-12-01,Fri,normal,,-5,EST,1701441000,1701464400
2023-12-02,Sat,weekend,,-5,EST,,
2023-12-03,Sun,weekend,,-5,EST,,
2023-12-04,Mon,normal,,-5,EST,1701700200,1701723600
2023-12-05,Tue,normal,,-5,EST,1701786600,1701810000
2023-12-06,Wed,normal,,-5,EST,1701873000,1701896400
2023-12-07,Thu,normal,,-5,EST,1701959400,1701982800
2023-12-08,Fri,normal,,-5,EST,1702045800,1702069200
2023-12-09,Sat,weekend,,-5,EST,,
2023-12-10,Sun,weekend,,-5,EST,,
2023-12-11,Mon,normal,,-5,EST,1702305000,1702328400
2023-12-12,Tue,normal,,-5,EST,1702391400,1702414800
2023-12-13,Wed,normal,,-5,EST,1702477800,1702501200
2023-12-14,Thu,normal,,-5,EST,1702564200,1702587600
2023-12-15,Fri,normal,,-5,EST,1702650600,1702674000
2023-12-16,Sat,weekend,,-5,EST,,
2023-12-17,Sun,weekend,,-5,EST,,
2023-12-18,Mon,normal,,-5,EST,1702909800,1702933200
2023-12-19,Tue,normal,,-5,EST,1702996200,1703019600
2023-12-20,Wed,normal,,-5,EST,1703082600,1703106000
2023-12-21,Thu,normal,,-5,EST,1703169000,1703192400
2023-12-22,Fri,normal,,-5,EST,1703255400,1703278800
2023-12-23,Sat,weekend,,-5,EST,,
2023-12-24,Sun,weekend,,-5,EST,,
2023-12-25,Mon,holiday,Christmas Day,-5,EST,,
2023-12-26,Tue,normal,,-5,EST,1703601000,1703624400
2023-12-27,Wed,normal,,-5,EST,1703687400,1703710800
2023-12-28,Thu,normal,,-5,EST,1703773800,1703797200
2023-12-29,Fri,normal,,-5,EST,1703860200,1703883600
2023-12-30,Sat,weekend,,-5,EST,,
2023-12-31,Sun,weekend,,-5,EST,,
2024-01-01,Mon,holiday,New Year's Day,-5,EST,,
2024-01-02,Tue,normal,,-5,EST,1704205800,1704229200
2024-01-03,Wed,normal,,-5,EST,1704292200,1704315600
2024-01-04,Thu,normal,,-5,EST,1704378600,1704402000
2024-01-05,Fri,normal,,-5,EST,1704465000,1704488400
2024-01-06,Sat,weekend,,-5,EST,,
2024-01-07,Sun,weekend,,-5,EST,,
2024-01-08,Mon,normal,,-5,EST,1704724200,1704747600
2024-01-09,Tue,normal,,-5,EST,1704810600,1704834000
2024-01-10,Wed,normal,,-5,EST,1704897000,1704920400
2024-01-11,Thu,normal,,-5,EST,1704983400,1705006800
2024-01-12,Fri,normal,,-5,EST,1705069800,1705093200
2024-01-13,Sat,weekend,,-5,EST,,
2024-01-14,Sun,weekend,,-5,EST,,
2024-01-15,Mon,holiday,Martin Luther King Jr. Day,-5,EST,,
2024-01-16,Tue,normal,,-5,EST,1705415400,1705438800
2024-01-17,Wed,normal,,-5,EST,1705501800,1705525200
2024-01-18,Thu,normal,,-5,EST,1705588200,1705611600
2024-01-19,Fri,normal,,-5,EST,1705674600,1705698000
2024-01-20,Sat,weekend,,-5,EST,,
2024-01-21,Sun,weekend,,-5,EST,,
2024-01-22,Mon,normal,,-5,EST,1705933800,1705957200
2024-01-23,Tue,normal,,-5,EST,1706020200,1706043600
2024-01-24,Wed,normal,,-5,EST,1706106600,1706130000
2024-01-25,Thu,normal,,-5,EST,1706193000,1706216400
2024-01-26,Fri,normal,,-5,EST,1706279400,1706302800
2024-01-27,Sat,weekend,,-5,EST,,
2024-01-28,Sun,weekend,,-5,EST,,
2024-01-29,Mon,normal,,-5,EST,1706538600,1706562000
2024-01-30,Tue,normal,,-5,EST,1706625000,1706648400
2024-01-31,Wed,normal,,-5,EST,1706711400,1706734800
2024-02-01,Thu,normal,,-5,EST,1706797800,1706821200
2024-02-02,Fri,normal,,-5,EST,1706884200,1706907600
2024-02-03,Sat,weekend,,-5,EST,,
2024-02-04,Sun,weekend,,-5,EST,,
2024-02-05,Mon,normal,,-5,EST,1707143400,1707166800
2024-02-06,Tue,normal,,-5,EST,1707229800,1707253200
2024-02-07,Wed,normal,,-5,EST,1707316200,1707339600
2024-02-08,Thu,normal,,-5,EST,1707402600,1707426000
2024-02-09,Fri,normal,,-5,EST,1707489000,1707512400
2024-02-10,Sat,weekend,,-5,EST,,
2024-02-11,Sun,weekend,,-5,EST,,
2024-02-12,Mon,normal,,-5,EST,1707748200,1707771600
2024-02-13,Tue,normal,,-5,EST,1707834600,1707858000
2024-02-14,Wed,normal,,-5,EST,1707921000,1707944400
2024-02-15,Thu,normal,,-5,EST,1708007400,1708030800
2024-02-16,Fri,normal,,-5,EST,1708093800,1708117200
2024-02-17,Sat,weekend,,-5,EST,,
2024-02-18,Sun,weekend,,-5,EST,,
2024-02-19,Mon,holiday,Washington's Birthday,-5,EST,,
2024-02-20,Tue,normal,,-5,EST,1708439400,1708462800
2024-02-21,Wed,normal,,-5,EST,1708525800,1708549200
2024-02-22,Thu,normal,,-5,EST,1708612200,1708635600
2024-02-23,Fri,normal,,-5,EST,1708698600,1708722000
2024-02-24,Sat,weekend,,-5,EST,,
2024-02-25,Sun,weekend,,-5,EST,,
2024-02-26,Mon,normal,,-5,EST,1708957800,1708981200
2024-02-27,Tue,normal,,-5,EST,1709044200,1709067600
2024-02-28,Wed,normal,,-5,EST,1709130600,1709154000
2024-02-29,Thu,normal,,-5,EST,1709217000,1709240400
2024-03-01,Fri,normal,,-5,EST,1709303400,1709326800
2024-03-02,Sat,weekend,,-5,EST,,
2024-03-03,Sun,weekend,,-5,EST,,
2024-03-04,Mon,normal,,-5,EST,1709562600,1709586000
2024-03-05,Tue,normal,,-5,EST,1709649000,1709672400
2024-03-06,Wed,normal,,-5,EST,1709735400,1709758800
2024-03-07,Thu,normal,,-5,EST,1709821800,1709845200
2024-03-08,Fri,normal,,-5,EST,1709908200,1709931600
2024-03-09,Sat,weekend,,-5,EST,,
2024-03-10,Sun,weekend,,-4,EDT,,
2024-03-11,Mon,normal,,-4,EDT,1710163800,1710187200
2024-03-12,Tue,normal,,-4,EDT,1710250200,1710273600
2024-03-13,Wed,normal,,-4,EDT,1710336600,1710360000
2024-03-14,Thu,normal,,-4,EDT,1710423000,1710446400
2024-03-15,Fri,normal,,-4,EDT,1710509400,1710532800
2024-03-16,Sat,weekend,,-4,EDT,,
2024-03-17,Sun,weekend,,-4,EDT,,
2024-03-18,Mon,normal,,-4,EDT,1710768600,1710792000
2024-03-19,Tue,normal,,-4,EDT,1710855000,1710878400
2024-03-20,Wed,normal,,-4,EDT,1710941400,1710964800
2024-03-21,Thu,normal,,-4,EDT,1711027800,1711051200
2024-03-22,Fri,normal,,-4,EDT,1711114200,1711137600
2024-03-23,Sat,weekend,,-4,EDT,,
2024-03-24,Sun,weekend,,-4,EDT,,
2024-03-25,Mon,normal,,-4,EDT,1711373400,1711396800
2024-03-26,Tue,normal,,-4,EDT,1711459800,1711483200
2024-03-27,Wed,normal,,-4,EDT,1711546200,1711569600
2024-03-28,Thu,normal,,-4,EDT,1711632600,1711656000
2024-03-29,Fri,holiday,Good Friday,-4,EDT,,
2024-03-30,Sat,weekend,,-4,EDT,,
2024-03-31,Sun,weekend,,-4,EDT,,
2024-04-01,Mon,normal,,-4,EDT,1711978200,1712001600
2024-04-02,Tue,normal,,-4,EDT,1712064600,1712088000
2024-04-03,Wed,normal,,-4,EDT,1712151000,1712174400
2024-04-04,Thu,normal,,-4,EDT,1712237400,1712260800
2024-04-05,Fri,normal,,-4,EDT,1712323800,1712347200
2024-04-06,Sat,weekend,,-4,EDT,,
2024-04-07,Sun,weekend,,-4,EDT,,
2024-04-08,Mon,normal,,-4,EDT,1712583000,1712606400
2024-04-09,Tue,normal,,-4,EDT,1712669400,1712692800
2024-04-10,Wed,normal,,-4,EDT,1712755800,1712779200
2024-04-11,Thu,normal,,-4,EDT,1712842200,1712865600
2024-04-12,Fri,normal,,-4,EDT,1712928600,1712952000
2024-04-13,Sat,weekend,,-4,EDT,,
2024-04-14,Sun,weekend,,-4,EDT,,
2024-04-15,Mon,normal,,-4,EDT,1713187800,1713211200
2024-04-16,Tue,normal,,-4,EDT,1713274200,1713297600
2024-04-17,Wed,normal,,-4,EDT,1713360600,1713384000
2024-04-18,Thu,normal,,-4,EDT,1713447000,1713470400
2024-04-19,Fri,normal,,-4,EDT,1713533400,1713556800
2024-04-20,Sat,weekend,,-4,EDT,,
2024-04-21,Sun,weekend,,-4,EDT,,
2024-04-22,Mon,normal,,-4,EDT,1713792600,1713816000
2024-04-23,Tue,normal,,-4,EDT,1713879000,1713902400
2024-04-24,Wed,normal,,-4,EDT,1713965400,1713988800
2024-04-25,Thu,normal,,-4,EDT,1714051800,1714075200
2024-04-26,Fri,normal,,-4,EDT,1714138200,1714161600
2024-04-27,Sat,weekend,,-4,EDT,,
2024-04-28,Sun,weekend,,-4,EDT,,
2024-04-29,Mon,normal,,-4,EDT,1714397400,1714420800
2024-04-30,Tue,normal,,-4,EDT,1714483800,1714507200
2024-05-01,Wed,normal,,-4,EDT,1714570200,1714593600
2024-05-02,Thu,normal,,-4,EDT,1714656600,1714680000
2024-05-03,Fri,normal,,-4,EDT,1714743000,1714766400
2024-05-04,Sat,weekend,,-4,EDT,,
2024-05-05,Sun,weekend,,-4,EDT,,
2024-05-06,Mon,normal,,-4,EDT,1715002200,1715025600
2024-05-07,Tue,normal,,-4,EDT,1715088600,1715112000
2024-05-08,Wed,normal,,-4,EDT,1715175000,1715198400
2024-05-09,Thu,normal,,-4,EDT,1715261400,1715284800
2024-05-10,Fri,normal,,-4,EDT,1715347800,1715371200
2024-05-11,Sat,weekend,,-4,EDT,,
2024-05-12,Sun,weekend,,-4,EDT,,
2024-05-13,Mon,normal,,-4,EDT,1715607000,1715630400
2024-05-14,Tue,normal,,-4,EDT,1715693400,1715716800
2024-05-15,Wed,normal,,-4,EDT,1715779800,1715803200
2024-05-16,Thu,normal,,-4,EDT,1715866200,1715889600
2024-05-17,Fri,normal,,-4,EDT,1715952600,1715976000
2024-05-18,Sat,weekend,,-4,EDT,,
2024-05-19,Sun,weekend,,-4,EDT,,
2024-05-20,Mon,normal,,-4,EDT,1716211800,1716235200
2024-05-21,Tue,normal,,-4,EDT,1716298200,1716321600
2024-05-22,Wed,normal,,-4,EDT,1716384600,1716408000
2024-05-23,Thu,normal,,-4,EDT,1716471000,1716494400
2024-05-24,Fri,normal,,-4,EDT,1716557400,1716580800
2024-05-25,Sat,weekend,,-4,EDT,,
2024-05-26,Sun,weekend,,-4,EDT,,
2024-05-27,Mon,holiday,Memorial Day,-4,EDT,,
2024-05-28,Tue,normal,,-4,EDT,1716903000,1716926400
2024-05-29,Wed,normal,,-4,EDT,1716989400,1717012800
2024-05-30,Thu,normal,,-4,EDT,1717075800,1717099200
2024-05-31,Fri,normal,,-4,EDT,1717162200,1717185600
2024-06-01,Sat,weekend,,-4,EDT,,
2024-06-02,Sun,weekend,,-4,EDT,,
2024-06-03,Mon,normal,,-4,EDT,1717421400,1717444800
2024-06-04,Tue,normal,,-4,EDT,1717507800,1717531200
2024-06-05,Wed,normal,,-4,EDT,1717594200,1717617600
2024-06-06,Thu,normal,,-4,EDT,1717680600,1717704000
2024-06-07,Fri,normal,,-4,EDT,1717767000,1717790400
2024-06-08,Sat,weekend,,-4,EDT,,
2024-06-09,Sun,weekend,,-4,EDT,,
2024-06-10,Mon,normal,,-4,EDT,1718026200,1718049600
2024-06-11,Tue,normal,,-4,EDT,1718112600,1718136000
2024-06-12,Wed,normal,,-4,EDT,1718199000,1718222400
2024-06-13,Thu,normal,,-4,EDT,1718285400,1718308800
2024-06-14,Fri,normal,,-4,EDT,1718371800,1718395200
2024-06-15,Sat,weekend,,-4,EDT,,
2024-06-16,Sun,weekend,,-4,EDT,,
2024-06-17,Mon,normal,,-4,EDT,1718631000,1718654400
2024-06-18,Tue,normal,,-4,EDT,1718717400,1718740800
2024-06-19,Wed,holiday,Juneteenth National Independence Day,-4,EDT,,
2024-06-20,Thu,normal,,-4,EDT,1718890200,1718913600
2024-06-21,Fri,normal,,-4,EDT,1718976600,1719000000
2024-06-22,Sat,weekend,,-4,EDT,,
2024-06-23,Sun,weekend,,-4,EDT,,
2024-06-24,Mon,normal,,-4,EDT,1719235800,1719259200
2024-06-25,Tue,normal,,-4,EDT,1719322200,1719345600
2024-06-26,Wed,normal,,-4,EDT,1719408600,1719432000
2024-06-27,Thu,normal,,-4,EDT,1719495000,1719518400
2024-06-28,Fri,normal,,-4,EDT,1719581400,1719604800
2024-06-29,Sat,weekend,,-4,EDT,,
2024-06-30,Sun,weekend,,-4,EDT,,
2024-07-01,Mon,normal,,-4,EDT,1719840600,1719864000
2024-07-02,Tue,normal,,-4,EDT,1719927000,1719950400
2024-07-03,Wed,early_close,Day before Independence Day,-4,EDT,1720013400,1720026000
2024-07-04,Thu,holiday,Independence Day,-4,EDT,,
2024-07-05,Fri,normal,,-4,EDT,1720186200,1720209600
2024-07-06,Sat,weekend,,-4,EDT,,
2024-07-07,Sun,weekend,,-4,EDT,,
2024-07-08,Mon,normal,,-4,EDT,1720445400,1720468800
2024-07-09,Tue,normal,,-4,EDT,1720531800,1720555200
2024-07-10,Wed,normal,,-4,EDT,1720618200,1720641600
2024-07-11,Thu,normal,,-4,EDT,1720704600,1720728000
2024-07-12,Fri,normal,,-4,EDT,1720791000,1720814400
2024-07-13,Sat,weekend,,-4,EDT,,
2024-07-14,Sun,weekend,,-4,EDT,,
2024-07-15,Mon,normal,,-4,EDT,1721050200,1721073600
2024-07-16,Tue,normal,,-4,EDT,1721136600,1721160000
2024-07-17,Wed,normal,,-4,EDT,1721223000,1721246400
2024-07-18,Thu,normal,,-4,EDT,1721309400,1721332800
2024-07-19,Fri,normal,,-4,EDT,1721395800,1721419200
2024-07-20,Sat,weekend,,-4,EDT,,
2024-07-21,Sun,weekend,,-4,EDT,,
2024-07-22,Mon,normal,,-4,EDT,1721655000,1721678400
2024-07-23,Tue,normal,,-4,EDT,1721741400,1721764800
2024-07-24,Wed,normal,,-4,EDT,1721827800,1721851200
2024-07-25,Thu,normal,,-4,EDT,1721914200,1721937600
2024-07-26,Fri,normal,,-4,EDT,1722000600,1722024000
2024-07-27,Sat,weekend,,-4,EDT,,
2024-07-28,Sun,weekend,,-4,EDT,,
2024-07-29,Mon,normal,,-4,EDT,1722259800,1722283200
2024-07-30,Tue,normal,,-4,EDT,1722346200,1722369600
2024-07-31,Wed,normal,,-4,EDT,1722432600,1722456000
2024-08-01,Thu,normal,,-4,EDT,1722519000,1722542400
2024-08-02,Fri,normal,,-4,EDT,1722605400,1722628800
2024-08-03,Sat,weekend,,-4,EDT,,
2024-08-04,Sun,weekend,,-4,EDT,,
2024-08-05,Mon,normal,,-4,EDT,1722864600,1722888000
2024-08-06,Tue,normal,,-4,EDT,1722951000,1722974400
2024-08-07,Wed,normal,,-4,EDT,1723037400,1723060800
2024-08-08,Thu,normal,,-4,EDT,1723123800,1723147200
2024-08-09,Fri,normal,,-4,EDT,1723210200,1723233600
2024-08-10,Sat,weekend,,-4,EDT,,
2024-08-11,Sun,weekend,,-4,EDT,,
2024-08-12,Mon,normal,,-4,EDT,1723469400,1723492800
2024-08-13,Tue,normal,,-4,EDT,1723555800,1723579200
2024-08-14,Wed,normal,,-4,EDT,1723642200,1723665600
2024-08-15,Thu,normal,,-4,EDT,1723728600,1723752000
2024-08-16,Fri,normal,,-4,EDT,1723815000,1723838400
2024-08-17,Sat,weekend,,-4,EDT,,
2024-08-18,Sun,weekend,,-4,EDT,,
2024-08-19,Mon,normal,,-4,EDT,1724074200,1724097600
2024-08-20,Tue,normal,,-4,EDT,1724160600,1724184000
2024-08-21,Wed,normal,,-4,EDT,1724247000,1724270400
2024-08-22,Thu,normal,,-4,EDT,1724333400,1724356800
2024-08-23,Fri,normal,,-4,EDT,1724419800,1724443200
2024-08-24,Sat,weekend,,-4,EDT,,
2024-08-25,Sun,weekend,,-4,EDT,,
2024-08-26,Mon,normal,,-4,EDT,1724679000,1724702400
2024-08-27,Tue,normal,,-4,EDT,1724765400,1724788800
2024-08-28,Wed,normal,,-4,EDT,1724851800,1724875200
2024-08-29,Thu,normal,,-4,EDT,1724938200,1724961600
2024-08-30,Fri,normal,,-4,EDT,1725024600,1725048000
2024-08-31,Sat,weekend,,-4,EDT,,
2024-09-01,Sun,weekend,,-4,EDT,,
2024-09-02,Mon,holiday,Labor Day,-4,EDT,,
2024-09-03,Tue,normal,,-4,EDT,1725370200,1725393600
2024-09-04,Wed,normal,,-4,EDT,1725456600,1725480000
2024-09-05,Thu,normal,,-4,EDT,1725543000,1725566400
2024-09-06,Fri,normal,,-4,EDT,1725629400,1725652800
2024-09-07,Sat,weekend,,-4,EDT,,
2024-09-08,Sun,weekend,,-4,EDT,,
2024-09-09,Mon,normal,,-4,EDT,1725888600,1725912000
2024-09-10,Tue,normal,,-4,EDT,1725975000,1725998400
2024-09-11,Wed,normal,,-4,EDT,1726061400,1726084800
2024-09-12,Thu,normal,,-4,EDT,1726147800,1726171200
2024-09-13,Fri,normal,,-4,EDT,1726234200,1726257600
2024-09-14,Sat,weekend,,-4,EDT,,
2024-09-15,Sun,weekend,,-4,EDT,,
2024-09-16,Mon,normal,,-4,EDT,1726493400,1726516800
2024-09-17,Tue,normal,,-4,EDT,1726579800,1726603200
2024-09-18,Wed,normal,,-4,EDT,1726666200,1726689600
2024-09-19,Thu,normal,,-4,EDT,1726752600,1726776000
2024-09-20,Fri,normal,,-4,EDT,1726839000,1726862400
2024-09-21,Sat,weekend,,-4,EDT,,
2024-09-22,Sun,weekend,,-4,EDT,,
2024-09-23,Mon,normal,,-4,EDT,1727098200,1727121600
2024-09-24,Tue,normal,,-4,EDT,1727184600,1727208000
2024-09-25,Wed,normal,,-4,EDT,1727271000,1727294400
2024-09-26,Thu,normal,,-4,EDT,1727357400,1727380800
2024-09-27,Fri,normal,,-4,EDT,1727443800,1727467200
2024-09-28,Sat,weekend,,-4,EDT,,
2024-09-29,Sun,weekend,,-4,EDT,,
2024-09-30,Mon,normal,,-4,EDT,1727703000,1727726400
2024-10-01,Tue,normal,,-4,EDT,1727789400,1727812800
2024-10-02,Wed,normal,,-4,EDT,1727875800,1727899200
2024-10-03,Thu,normal,,-4,EDT,1727962200,1727985600
2024-10-04,Fri,normal,,-4,EDT,1728048600,1728072000
2024-10-05,Sat,weekend,,-4,EDT,,
2024-10-06,Sun,weekend,,-4,EDT,,
2024-10-07,Mon,normal,,-4,EDT,1728307800,1728331200
2024-10-08,Tue,normal,,-4,EDT,1728394200,1728417600
2024-10-09,Wed,normal,,-4,EDT,1728480600,1728504000
2024-10-10,Thu,normal,,-4,EDT,1728567000,1728590400
2024-10-11,Fri,normal,,-4,EDT,1728653400,1728676800
2024-10-12,Sat,weekend,,-4,EDT,,
2024-10-13,Sun,weekend,,-4,EDT,,
2024-10-14,Mon,normal,,-4,EDT,1728912600,1728936000
2024-10-15,Tue,normal,,-4,EDT,1728999000,1729022400
2024-10-16,Wed,normal,,-4,EDT,1729085400,1729108800
2024-10-17,Thu,normal,,-4,EDT,1729171800,1729195200
2024-10-18,Fri,normal,,-4,EDT,1729258200,1729281600
2024-10-19,Sat,weekend,,-4,EDT,,
2024-10-20,Sun,weekend,,-4,EDT,,
2024-10-21,Mon,normal,,-4,EDT,1729517400,1729540800
2024-10-22,Tue,normal,,-4,EDT,1729603800,1729627200
2024-10-23,Wed,normal,,-4,EDT,1729690200,1729713600
2024-10-24,Thu,normal,,-4,EDT,1729776600,1729800000
2024-10-25,Fri,normal,,-4,EDT,1729863000,1729886400
2024-10-26,Sat,weekend,,-4,EDT,,
2024-10-27,Sun,weekend,,-4,EDT,,
2024-10-28,Mon,normal,,-4,EDT,1730122200,1730145600
2024-10-29,Tue,normal,,-4,EDT,1730208600,1730232000
2024-10-30,Wed,normal,,-4,EDT,1730295000,1730318400
2024-10-31,Thu,normal,,-4,EDT,1730381400,1730404800
2024-11-01,Fri,normal,,-4,EDT,1730467800,1730491200
2024-11-02,Sat,weekend,,-4,EDT,,
2024-11-03,Sun,weekend,,-5,EST,,
2024-11-04,Mon,normal,,-5,EST,1730730600,1730754000
2024-11-05,Tue,normal,,-5,EST,1730817000,1730840400
2024-11-06,Wed,normal,,-5,EST,1730903400,1730926800
2024-11-07,Thu,normal,,-5,EST,1730989800,1731013200
2024-11-08,Fri,normal,,-5,EST,1731076200,1731099600
2024-11-09,Sat,weekend,,-5,EST,,
2024-11-10,Sun,weekend,,-5,EST,,
2024-11-11,Mon,normal,,-5,EST,1731335400,1731358800
2024-11-12,Tue,normal,,-5,EST,1731421800,1731445200
2024-11-13,Wed,normal,,-5,EST,1731508200,1731531600
2024-11-14,Thu,normal,,-5,EST,1731594600,1731618000
2024-11-15,Fri,normal,,-5,EST,1731681000,1731704400
2024-11-16,Sat,weekend,,-5,EST,,
2024-11-17,Sun,weekend,,-5,EST,,
2024-11-18,Mon,normal,,-5,EST,1731940200,1731963600
2024-11-19,Tue,normal,,-5,EST,1732026600,1732050000
2024-11-20,Wed,normal,,-5,EST,1732113000,1732136400
2024-11-21,Thu,normal,,-5,EST,1732199400,1732222800
2024-11-22,Fri,normal,,-5,EST,1732285800,1732309200
2024-11-23,Sat,weekend,,-5,EST,,
2024-11-24,Sun,weekend,,-5,EST,,
2024-11-25,Mon,normal,,-5,EST,1732545000,1732568400
2024-11-26,Tue,normal,,-5,EST,1732631400,1732654800
2024-11-27,Wed,normal,,-5,EST,1732717800,1732741200
2024-11-28,Thu,holiday,Thanksgiving Day,-5,EST,,
2024-11-29,Fri,early_close,Day after Thanksgiving,-5,EST,1732890600,1732903200
2024-11-30,Sat,weekend,,-5,EST,,
2024-12-01,Sun,weekend,,-5,EST,,
2024-12-02,Mon,normal,,-5,EST,1733149800,1733173200
2024-12-03,Tue,normal,,-5,EST,1733236200,1733259600
2024-12-04,Wed,normal,,-5,EST,1733322600,1733346000
2024-12-05,Thu,normal,,-5,EST,1733409000,1733432400
2024-12-06,Fri,normal,,-5,EST,1733495400,1733518800
2024-12-07,Sat,weekend,,-5,EST,,
2024-12-08,Sun,weekend,,-5,EST,,
2024-12-09,Mon,normal,,-5,EST,1733754600,1733778000
2024-12-10,Tue,normal,,-5,EST,1733841000,1733864400
2024-12-11,Wed,normal,,-5,EST,1733927400,1733950800
2024-12-12,Thu,normal,,-5,EST,1734013800,1734037200
2024-12-13,Fri,normal,,-5,EST,1734100200,1734123600
2024-12-14,Sat,weekend,,-5,EST,,
2024-12-15,Sun,weekend,,-5,EST,,
2024-12-16,Mon,normal,,-5,EST,1734359400,1734382800
2024-12-17,Tue,normal,,-5,EST,1734445800,1734469200
2024-12-18,Wed,normal,,-5,EST,1734532200,1734555600
2024-12-19,Thu,normal,,-5,EST,1734618600,1734642000
2024-12-20,Fri,normal,,-5,EST,1734705000,1734728400
2024-12-21,Sat,weekend,,-5,EST,,
2024-12-22,Sun,weekend,,-5,EST,,
2024-12-23,Mon,normal,,-5,EST,1734964200,1734987600
2024-12-24,Tue,early_close,Christmas Eve,-5,EST,1735050600,1735063200
2024-12-25,Wed,holiday,Christmas Day,-5,EST,,
2024-12-26,Thu,normal,,-5,EST,1735223400,1735246800
2024-12-27,Fri,normal,,-5,EST,1735309800,1735333200
2024-12-28,Sat,weekend,,-5,EST,,
2024-12-29,Sun,weekend,,-5,EST,,
2024-12-30,Mon,normal,,-5,EST,1735569000,1735592400
2024-12-31,Tue,normal,,-5,EST,1735655400,1735678800
2025-01-01,Wed,holiday,New Year's Day,-5,EST,,
2025-01-02,Thu,normal,,-5,EST,1735828200,1735851600
2025-01-03,Fri,normal,,-5,EST,1735914600,1735938000
2025-01-04,Sat,weekend,,-5,EST,,
2025-01-05,Sun,weekend,,-5,EST,,
2025-01-06,Mon,normal,,-5,EST,1736173800,1736197200
2025-01-07,Tue,normal,,-5,EST,1736260200,1736283600
2025-01-08,Wed,normal,,-5,EST,1736346600,1736370000
2025-01-09,Thu,normal,,-5,EST,1736433000,1736456400
2025-01-10,Fri,normal,,-5,EST,1736519400,1736542800
2025-01-11,Sat,weekend,,-5,EST,,
2025-01-12,Sun,weekend,,-5,EST,,
2025-01-13,Mon,normal,,-5,EST,1736778600,1736802000
2025-01-14,Tue,normal,,-5,EST,1736865000,1736888400
2025-01-15,Wed,normal,,-5,EST,1736951400,1736974800
2025-01-16,Thu,normal,,-5,EST,1737037800,1737061200
2025-01-17,Fri,normal,,-5,EST,1737124200,1737147600
2025-01-18,Sat,weekend,,-5,EST,,
2025-01-19,Sun,weekend,,-5,EST,,
2025-01-20,Mon,holiday,Martin Luther King Jr. Day,-5,EST,,
2025-01-21,Tue,normal,,-5,EST,1737469800,1737493200
2025-01-22,Wed,normal,,-5,EST,1737556200,1737579600
2025-01-23,Thu,normal,,-5,EST,1737642600,1737666000
2025-01-24,Fri,normal,,-5,EST,1737729000,1737752400
2025-01-25,Sat,weekend,,-5,EST,,
2025-01-26,Sun,weekend,,-5,EST,,
2025-01-27,Mon,normal,,-5,EST,1737988200,1738011600
2025-01-28,Tue,normal,,-5,EST,1738074600,1738098000
2025-01-29,Wed,normal,,-5,EST,1738161000,1738184400
2025-01-30,Thu,normal,,-5,EST,1738247400,1738270800
2025-01-31,Fri,normal,,-5,EST,1738333800,1738357200
2025-02-01,Sat,weekend,,-5,EST,,
2025-02-02,Sun,weekend,,-5,EST,,
2025-02-03,Mon,normal,,-5,EST,1738593000,1738616400
2025-02-04,Tue,normal,,-5,EST,1738679400,1738702800
2025-02-05,Wed,normal,,-5,EST,1738765800,1738789200
2025-02-06,Thu,normal,,-5,EST,1738852200,1738875600
2025-02-07,Fri,normal,,-5,EST,1738938600,1738962000
2025-02-08,Sat,weekend,,-5,EST,,
2025-02-09,Sun,weekend,,-5,EST,,
2025-02-10,Mon,normal,,-5,EST,1739197800,1739221200
2025-02-11,Tue,normal,,-5,EST,1739284200,1739307600
2025-02-12,Wed,normal,,-5,EST,1739370600,1739394000
2025-02-13,Thu,normal,,-5,EST,1739457000,1739480400
2025-02-14,Fri,normal,,-5,EST,1739543400,1739566800
2025-02-15,Sat,weekend,,-5,EST,,
2025-02-16,Sun,weekend,,-5,EST,,
2025-02-17,Mon,holiday,Washington's Birthday,-5,EST,,
2025-02-18,Tue,normal,,-5,EST,1739889000,1739912400
2025-02-19,Wed,normal,,-5,EST,1739975400,1739998800
2025-02-20,Thu,normal,,-5,EST,1740061800,1740085200
2025-02-21,Fri,normal,,-5,EST,1740148200,1740171600
2025-02-22,Sat,weekend,,-5,EST,,
2025-02-23,Sun,weekend,,-5,EST,,
2025-02-24,Mon,normal,,-5,EST,1740407400,1740430800
2025-02-25,Tue,normal,,-5,EST,1740493800,1740517200
2025-02-26,Wed,normal,,-5,EST,1740580200,1740603600
2025-02-27,Thu,normal,,-5,EST,1740666600,1740690000
2025-02-28,Fri,normal,,-5,EST,1740753000,1740776400
2025-03-01,Sat,weekend,,-5,EST,,
2025-03-02,Sun,weekend,,-5,EST,,
2025-03-03,Mon,normal,,-5,EST,1741012200,1741035600
2025-03-04,Tue,normal,,-5,EST,1741098600,1741122000
2025-03-05,Wed,normal,,-5,EST,1741185000,1741208400
2025-03-06,Thu,normal,,-5,EST,1741271400,1741294800
2025-03-07,Fri,normal,,-5,EST,1741357800,1741381200
2025-03-08,Sat,weekend,,-5,EST,,
2025-03-09,Sun,weekend,,-4,EDT,,
2025-03-10,Mon,normal,,-4,EDT,1741613400,1741636800
2025-03-11,Tue,normal,,-4,EDT,1741699800,1741723200
2025-03-12,Wed,normal,,-4,EDT,1741786200,1741809600
2025-03-13,Thu,normal,,-4,EDT,1741872600,1741896000
2025-03-14,Fri,normal,,-4,EDT,1741959000,1741982400
2025-03-15,Sat,weekend,,-4,EDT,,
2025-03-16,Sun,weekend,,-4,EDT,,
2025-03-17,Mon,normal,,-4,EDT,1742218200,1742241600
2025-03-18,Tue,normal,,-4,EDT,1742304600,1742328000
2025-03-19,Wed,normal,,-4,EDT,1742391000,1742414400
2025-03-20,Thu,normal,,-4,EDT,1742477400,1742500800
2025-03-21,Fri,normal,,-4,EDT,1742563800,1742587200
2025-03-22,Sat,weekend,,-4,EDT,,
2025-03-23,Sun,weekend,,-4,EDT,,
2025-03-24,Mon,normal,,-4,EDT,1742823000,1742846400
2025-03-25,Tue,normal,,-4,EDT,1742909400,1742932800
2025-03-26,Wed,normal,,-4,EDT,1742995800,1743019200
2025-03-27,Thu,normal,,-4,EDT,1743082200,1743105600
2025-03-28,Fri,normal,,-4,EDT,1743168600,1743192000
2025-03-29,Sat,weekend,,-4,EDT,,
2025-03-30,Sun,weekend,,-4,EDT,,
2025-03-31,Mon,normal,,-4,EDT,1743427800,1743451200
2025-04-01,Tue,normal,,-4,EDT,1743514200,1743537600
2025-04-02,Wed,normal,,-4,EDT,1743600600,1743624000
2025-04-03,Thu,normal,,-4,EDT,1743687000,1743710400
2025-04-04,Fri,normal,,-4,EDT,1743773400,1743796800
2025-04-05,Sat,weekend,,-4,EDT,,
2025-04-06,Sun,weekend,,-4,EDT,,
2025-04-07,Mon,normal,,-4,EDT,1744032600,1744056000
2025-04-08,Tue,normal,,-4,EDT,1744119000,1744142400
2025-04-09,Wed,normal,,-4,EDT,1744205400,1744228800
2025-04-10,Thu,normal,,-4,EDT,1744291800,1744315200
2025-04-11,Fri,normal,,-4,EDT,1744378200,1744401600
2025-04-12,Sat,weekend,,-4,EDT,,
2025-04-13,Sun,weekend,,-4,EDT,,
2025-04-14,Mon,normal,,-4,EDT,1744637400,1744660800
2025-04-15,Tue,normal,,-4,EDT,1744723800,1744747200
2025-04-16,Wed,normal,,-4,EDT,1744810200,1744833600
2025-04-17,Thu,normal,,-4,EDT,1744896600,1744920000
2025-04-18,Fri,holiday,Good Friday,-4,EDT,,
2025-04-19,Sat,weekend,,-4,EDT,,
2025-04-20,Sun,weekend,,-4,EDT,,
2025-04-21,Mon,normal,,-4,EDT,1745242200,1745265600
2025-04-22,Tue,normal,,-4,EDT,1745328600,1745352000
2025-04-23,Wed,normal,,-4,EDT,1745415000,1745438400
2025-04-24,Thu,normal,,-4,EDT,1745501400,1745524800
2025-04-25,Fri,normal,,-4,EDT,1745587800,1745611200
2025-04-26,Sat,weekend,,-4,EDT,,
2025-04-27,Sun,weekend,,-4,EDT,,
2025-04-28,Mon,normal,,-4,EDT,1745847000,1745870400
2025-04-29,Tue,normal,,-4,EDT,1745933400,1745956800
2025-04-30,Wed,normal,,-4,EDT,1746019800,1746043200
2025-05-01,Thu,normal,,-4,EDT,1746106200,1746129600
2025-05-02,Fri,normal,,-4,EDT,1746192600,1746216000
2025-05-03,Sat,weekend,,-4,EDT,,
2025-05-04,Sun,weekend,,-4,EDT,,
2025-05-05,Mon,normal,,-4,EDT,1746451800,1746475200
2025-05-06,Tue,normal,,-4,EDT,1746538200,1746561600
2025-05-07,Wed,normal,,-4,EDT,1746624600,1746648000
2025-05-08,Thu,normal,,-4,EDT,1746711000,1746734400
2025-05-09,Fri,normal,,-4,EDT,1746797400,1746820800
2025-05-10,Sat,weekend,,-4,EDT,,
2025-05-11,Sun,weekend,,-4,EDT,,
2025-05-12,Mon,normal,,-4,EDT,1747056600,1747080000
2025-05-13,Tue,normal,,-4,EDT,1747143000,1747166400
2025-05-14,Wed,normal,,-4,EDT,1747229400,1747252800
2025-05-15,Thu,normal,,-4,EDT,1747315800,1747339200
2025-05-16,Fri,normal,,-4,EDT,1747402200,1747425600
2025-05-17,Sat,weekend,,-4,EDT,,
2025-05-18,Sun,weekend,,-4,EDT,,
2025-05-19,Mon,normal,,-4,EDT,1747661400,1747684800
2025-05-20,Tue,normal,,-4,EDT,1747747800,1747771200
2025-05-21,Wed,normal,,-4,EDT,1747834200,1747857600
2025-05-22,Thu,normal,,-4,EDT,1747920600,1747944000
2025-05-23,Fri,normal,,-4,EDT,1748007000,1748030400
2025-05-24,Sat,weekend,,-4,EDT,,
2025-05-25,Sun,weekend,,-4,EDT,,
2025-05-26,Mon,holiday,Memorial Day,-4,EDT,,
2025-05-27,Tue,normal,,-4,EDT,1748352600,1748376000
2025-05-28,Wed,normal,,-4,EDT,1748439000,1748462400
2025-05-29,Thu,normal,,-4,EDT,1748525400,1748548800
2025-05-30,Fri,normal,,-4,EDT,1748611800,1748635200
2025-05-31,Sat,weekend,,-4,EDT,,
2025-06-01,Sun,weekend,,-4,EDT,,
2025-06-02,Mon,normal,,-4,EDT,1748871000,1748894400
2025-06-03,Tue,normal,,-4,EDT,1748957400,1748980800
2025-06-04,Wed,normal,,-4,EDT,1749043800,1749067200
2025-06-05,Thu,normal,,-4,EDT,1749130200,1749153600
2025-06-06,Fri,normal,,-4,EDT,1749216600,1749240000
2025-06-07,Sat,weekend,,-4,EDT,,
2025-06-08,Sun,weekend,,-4,EDT,,
2025-06-09,Mon,normal,,-4,EDT,1749475800,1749499200
2025-06-10,Tue,normal,,-4,EDT,1749562200,1749585600
2025-06-11,Wed,normal,,-4,EDT,1749648600,1749672000
2025-06-12,Thu,normal,,-4,EDT,1749735000,1749758400
2025-06-13,Fri,normal,,-4,EDT,1749821400,1749844800
2025-06-14,Sat,weekend,,-4,EDT,,
2025-06-15,Sun,weekend,,-4,EDT,,
2025-06-16,Mon,normal,,-4,EDT,1750080600,1750104000
2025-06-17,Tue,normal,,-4,EDT,1750167000,1750190400
2025-06-18,Wed,normal,,-4,EDT,1750253400,1750276800
2025-06-19,Thu,holiday,Juneteenth National Independence Day,-4,EDT,,
2025-06-20,Fri,normal,,-4,EDT,1750426200,1750449600
2025-06-21,Sat,weekend,,-4,EDT,,
2025-06-22,Sun,weekend,,-4,EDT,,
2025-06-23,Mon,normal,,-4,EDT,1750685400,1750708800
2025-06-24,Tue,normal,,-4,EDT,1750771800,1750795200
2025-06-25,Wed,normal,,-4,EDT,1750858200,1750881600
2025-06-26,Thu,normal,,-4,EDT,1750944600,1750968000
2025-06-27,Fri,normal,,-4,EDT,1751031000,1751054400
2025-06-28,Sat,weekend,,-4,EDT,,
2025-06-29,Sun,weekend,,-4,EDT,,
2025-06-30,Mon,normal,,-4,EDT,1751290200,1751313600
2025-07-01,Tue,normal,,-4,EDT,1751376600,1751400000
2025-07-02,Wed,normal,,-4,EDT,1751463000,1751486400
2025-07-03,Thu,early_close,Day before Independence Day,-4,EDT,1751549400,1751562000
2025-07-04,Fri,holiday,Independence Day,-4,EDT,,
2025-07-05,Sat,weekend,,-4,EDT,,
2025-07-06,Sun,weekend,,-4,EDT,,
2025-07-07,Mon,normal,,-4,EDT,1751895000,1751918400
2025-07-08,Tue,normal,,-4,EDT,1751981400,1752004800
2025-07-09,Wed,normal,,-4,EDT,1752067800,1752091200
2025-07-10,Thu,normal,,-4,EDT,1752154200,1752177600
2025-07-11,Fri,normal,,-4,EDT,1752240600,1752264000
2025-07-12,Sat,weekend,,-4,EDT,,
2025-07-13,Sun,weekend,,-4,EDT,,
2025-07-14,Mon,normal,,-4,EDT,1752499800,1752523200
2025-07-15,Tue,normal,,-4,EDT,1752586200,1752609600
2025-07-16,Wed,normal,,-4,EDT,1752672600,1752696000
2025-07-17,Thu,normal,,-4,EDT,1752759000,1752782400
2025-07-18,Fri,normal,,-4,EDT,1752845400,1752868800
2025-07-19,Sat,weekend,,-4,EDT,,
2025-07-20,Sun,weekend,,-4,EDT,,
2025-07-21,Mon,normal,,-4,EDT,1753104600,1753128000
2025-07-22,Tue,normal,,-4,EDT,1753191000,1753214400
2025-07-23,Wed,normal,,-4,EDT,1753277400,1753300800
2025-07-24,Thu,normal,,-4,EDT,1753363800,1753387200
2025-07-25,Fri,normal,,-4,EDT,1753450200,1753473600
2025-07-26,Sat,weekend,,-4,EDT,,
2025-07-27,Sun,weekend,,-4,EDT,,
2025-07-28,Mon,normal,,-4,EDT,1753709400,1753732800
2025-07-29,Tue,normal,,-4,EDT,1753795800,1753819200
2025-07-30,Wed,normal,,-4,EDT,1753882200,1753905600
2025-07-31,Thu,normal,,-4,EDT,1753968600,1753992000
2025-08-01,Fri,normal,,-4,EDT,1754055000,1754078400
2025-08-02,Sat,weekend,,-4,EDT,,
2025-08-03,Sun,weekend,,-4,EDT,,
2025-08-04,Mon,normal,,-4,EDT,1754314200,1754337600
2025-08-05,Tue,normal,,-4,EDT,1754400600,1754424000
2025-08-06,Wed,normal,,-4,EDT,1754487000,1754510400
2025-08-07,Thu,normal,,-4,EDT,1754573400,1754596800
2025-08-08,Fri,normal,,-4,EDT,1754659800,1754683200
2025-08-09,Sat,weekend,,-4,EDT,,
2025-08-10,Sun,weekend,,-4,EDT,,
2025-08-11,Mon,normal,,-4,EDT,1754919000,1754942400
2025-08-12,Tue,normal,,-4,EDT,1755005400,1755028800
2025-08-13,Wed,normal,,-4,EDT,1755091800,1755115200
2025-08-14,Thu,normal,,-4,EDT,1755178200,1755201600
2025-08-15,Fri,normal,,-4,EDT,1755264600,1755288000
2025-08-16,Sat,weekend,,-4,EDT,,
2025-08-17,Sun,weekend,,-4,EDT,,
2025-08-18,Mon,normal,,-4,EDT,1755523800,1755547200
2025-08-19,Tue,normal,,-4,EDT,1755610200,1755633600
2025-08-20,Wed,normal,,-4,EDT,1755696600,1755720000
2025-08-21,Thu,normal,,-4,EDT,1755783000,1755806400
2025-08-22,Fri,normal,,-4,EDT,1755869400,1755892800
2025-08-23,Sat,weekend,,-4,EDT,,
2025-08-24,Sun,weekend,,-4,EDT,,
2025-08-25,Mon,normal,,-4,EDT,1756128600,1756152000
2025-08-26,Tue,normal,,-4,EDT,1756215000,1756238400
2025-08-27,Wed,normal,,-4,EDT,1756301400,1756324800
2025-08-28,Thu,normal,,-4,EDT,1756387800,1756411200
2025-08-29,Fri,normal,,-4,EDT,1756474200,1756497600
2025-08-30,Sat,weekend,,-4,EDT,,
2025-08-31,Sun,weekend,,-4,EDT,,
2025-09-01,Mon,holiday,Labor Day,-4,EDT,,
2025-09-02,Tue,normal,,-4,EDT,1756819800,1756843200
2025-09-03,Wed,normal,,-4,EDT,1756906200,1756929600
2025-09-04,Thu,normal,,-4,EDT,1756992600,1757016000
2025-09-05,Fri,normal,,-4,EDT,1757079000,1757102400
2025-09-06,Sat,weekend,,-4,EDT,,
2025-09-07,Sun,weekend,,-4,EDT,,
2025-09-08,Mon,normal,,-4,EDT,1757338200,1757361600
2025-09-09,Tue,normal,,-4,EDT,1757424600,1757448000
2025-09-10,Wed,normal,,-4,EDT,1757511000,1757534400
2025-09-11,Thu,normal,,-4,EDT,1757597400,1757620800
2025-09-12,Fri,normal,,-4,EDT,1757683800,1757707200
2025-09-13,Sat,weekend,,-4,EDT,,
2025-09-14,Sun,weekend,,-4,EDT,,
2025-09-15,Mon,normal,,-4,EDT,1757943000,1757966400
2025-09-16,Tue,normal,,-4,EDT,1758029400,1758052800
2025-09-17,Wed,normal,,-4,EDT,1758115800,1758139200
2025-09-18,Thu,normal,,-4,EDT,1758202200,1758225600
2025-09-19,Fri,normal,,-4,EDT,1758288600,1758312000
2025-09-20,Sat,weekend,,-4,EDT,,
2025-09-21,Sun,weekend,,-4,EDT,,
2025-09-22,Mon,normal,,-4,EDT,1758547800,1758571200
2025-09-23,Tue,normal,,-4,EDT,1758634200,1758657600
2025-09-24,Wed,normal,,-4,EDT,1758720600,1758744000
2025-09-25,Thu,normal,,-4,EDT,1758807000,1758830400
2025-09-26,Fri,normal,,-4,EDT,1758893400,1758916800
2025-09-27,Sat,weekend,,-4,EDT,,
2025-09-28,Sun,weekend,,-4,EDT,,
2025-09-29,Mon,normal,,-4,EDT,1759152600,1759176000
2025-09-30,Tue,normal,,-4,EDT,1759239000,1759262400
2025-10-01,Wed,normal,,-4,EDT,1759325400,1759348800
2025-10-02,Thu,normal,,-4,EDT,1759411800,1759435200
2025-10-03,Fri,normal,,-4,EDT,1759498200,1759521600
2025-10-04,Sat,weekend,,-4,EDT,,
2025-10-05,Sun,weekend,,-4,EDT,,
2025-10-06,Mon,normal,,-4,EDT,1759757400,1759780800
2025-10-07,Tue,normal,,-4,EDT,1759843800,1759867200
2025-10-08,Wed,normal,,-4,EDT,1759930200,1759953600
2025-10-09,Thu,normal,,-4,EDT,1760016600,1760040000
2025-10-10,Fri,normal,,-4,EDT,1760103000,1760126400
2025-10-11,Sat,weekend,,-4,EDT,,
2025-10-12,Sun,weekend,,-4,EDT,,
2025-10-13,Mon,normal,,-4,EDT,1760362200,1760385600
2025-10-14,Tue,normal,,-4,EDT,1760448600,1760472000
2025-10-15,Wed,normal,,-4,EDT,1760535000,1760558400
2025-10-16,Thu,normal,,-4,EDT,1760621400,1760644800
2025-10-17,Fri,normal,,-4,EDT,1760707800,1760731200
2025-10-18,Sat,weekend,,-4,EDT,,
2025-10-19,Sun,weekend,,-4,EDT,,
2025-10-20,Mon,normal,,-4,EDT,1760967000,1760990400
2025-10-21,Tue,normal,,-4,EDT,1761053400,1761076800
2025-10-22,Wed,normal,,-4,EDT,1761139800,1761163200
2025-10-23,Thu,normal,,-4,EDT,1761226200,1761249600
2025-10-24,Fri,normal,,-4,EDT,1761312600,1761336000
2025-10-25,Sat,weekend,,-4,EDT,,
2025-10-26,Sun,weekend,,-4,EDT,,
2025-10-27,Mon,normal,,-4,EDT,1761571800,1761595200
2025-10-28,Tue,normal,,-4,EDT,1761658200,1761681600
2025-10-29,Wed,normal,,-4,EDT,1761744600,1761768000
2025-10-30,Thu,normal,,-4,EDT,1761831000,1761854400
2025-10-31,Fri,normal,,-4,EDT,1761917400,1761940800
2025-11-01,Sat,weekend,,-4,EDT,,
2025-11-02,Sun,weekend,,-5,EST,,
2025-11-03,Mon,normal,,-5,EST,1762180200,1762203600
2025-11-04,Tue,normal,,-5,EST,1762266600,1762290000
2025-11-05,Wed,normal,,-5,EST,1762353000,1762376400
2025-11-06,Thu,normal,,-5,EST,1762439400,1762462800
2025-11-07,Fri,normal,,-5,EST,1762525800,1762549200
2025-11-08,Sat,weekend,,-5,EST,,
2025-11-09,Sun,weekend,,-5,EST,,
2025-11-10,Mon,normal,,-5,EST,1762785000,1762808400
2025-11-11,Tue,normal,,-5,EST,1762871400,1762894800
2025-11-12,Wed,normal,,-5,EST,1762957800,1762981200
2025-11-13,Thu,normal,,-5,EST,1763044200,1763067600
2025-11-14,Fri,normal,,-5,EST,1763130600,1763154000
2025-11-15,Sat,weekend,,-5,EST,,
2025-11-16,Sun,weekend,,-5,EST,,
2025-11-17,Mon,normal,,-5,EST,1763389800,1763413200
2025-11-18,Tue,normal,,-5,EST,1763476200,1763499600
2025-11-19,Wed,normal,,-5,EST,1763562600,1763586000
2025-11-20,Thu,normal,,-5,EST,1763649000,1763672400
2025-11-21,Fri,normal,,-5,EST,1763735400,1763758800
2025-11-22,Sat,weekend,,-5,EST,,
2025-11-23,Sun,weekend,,-5,EST,,
2025-11-24,Mon,normal,,-5,EST,1763994600,1764018000
2025-11-25,Tue,normal,,-5,EST,1764081000,1764104400
2025-11-26,Wed,normal,,-5,EST,1764167400,1764190800
2025-11-27,Thu,holiday,Thanksgiving Day,-5,EST,,
2025-11-28,Fri,early_close,Day after Thanksgiving,-5,EST,1764340200,1764352800
2025-11-29,Sat,weekend,,-5,EST,,
2025-11-30,Sun,weekend,,-5,EST,,
2025-12-01,Mon,normal,,-5,EST,1764599400,1764622800
2025-12-02,Tue,normal,,-5,EST,1764685800,1764709200
2025-12-03,Wed,normal,,-5,EST,1764772200,1764795600
2025-12-04,Thu,normal,,-5,EST,1764858600,1764882000
2025-12-05,Fri,normal,,-5,EST,1764945000,1764968400
2025-12-06,Sat,weekend,,-5,EST,,
2025-12-07,Sun,weekend,,-5,EST,,
2025-12-08,Mon,normal,,-5,EST,1765204200,1765227600
2025-12-09,Tue,normal,,-5,EST,1765290600,1765314000
2025-12-10,Wed,normal,,-5,EST,1765377000,1765400400
2025-12-11,Thu,normal,,-5,EST,1765463400,1765486800
2025-12-12,Fri,normal,,-5,EST,1765549800,1765573200
2025-12-13,Sat,weekend,,-5,EST,,
2025-12-14,Sun,weekend,,-5,EST,,
2025-12-15,Mon,normal,,-5,EST,1765809000,1765832400
2025-12-16,Tue,normal,,-5,EST,1765895400,1765918800
2025-12-17,Wed,normal,,-5,EST,1765981800,1766005200
2025-12-18,Thu,normal,,-5,EST,1766068200,1766091600
2025-12-19,Fri,normal,,-5,EST,1766154600,1766178000
2025-12-20,Sat,weekend,,-5,EST,,
2025-12-21,Sun,weekend,,-5,EST,,
2025-12-22,Mon,normal,,-5,EST,1766413800,1766437200
2025-12-23,Tue,normal,,-5,EST,1766500200,1766523600
2025-12-24,Wed,early_close,Christmas Eve,-5,EST,1766586600,1766599200
2025-12-25,Thu,holiday,Christmas Day,-5,EST,,
2025-12-26,Fri,normal,,-5,EST,1766759400,1766782800
2025-12-27,Sat,weekend,,-5,EST,,
2025-12-28,Sun,weekend,,-5,EST,,
2025-12-29,Mon,normal,,-5,EST,1767018600,1767042000
2025-12-30,Tue,normal,,-5,EST,1767105000,1767128400
2025-12-31,Wed,normal,,-5,EST,1767191400,1767214800
2026-01-01,Thu,holiday,New Year's Day,-5,EST,,
2026-01-02,Fri,normal,,-5,EST,1767364200,1767387600
2026-01-03,Sat,weekend,,-5,EST,,
2026-01-04,Sun,weekend,,-5,EST,,
2026-01-05,Mon,normal,,-5,EST,1767623400,1767646800
2026-01-06,Tue,normal,,-5,EST,1767709800,1767733200
2026-01-07,Wed,normal,,-5,EST,1767796200,1767819600
2026-01-08,Thu,normal,,-5,EST,1767882600,1767906000
2026-01-09,Fri,normal,,-5,EST,1767969000,1767992400
2026-01-10,Sat,weekend,,-5,EST,,
2026-01-11,Sun,weekend,,-5,EST,,
2026-01-12,Mon,normal,,-5,EST,1768228200,1768251600
2026-01-13,Tue,normal,,-5,EST,1768314600,1768338000
2026-01-14,Wed,normal,,-5,EST,1768401000,1768424400
2026-01-15,Thu,normal,,-5,EST,1768487400,1768510800
2026-01-16,Fri,normal,,-5,EST,1768573800,1768597200
2026-01-17,Sat,weekend,,-5,EST,,
2026-01-18,Sun,weekend,,-5,EST,,
2026-01-19,Mon,holiday,Martin Luther King Jr. Day,-5,EST,,
2026-01-20,Tue,normal,,-5,EST,1768919400,1768942800
2026-01-21,Wed,normal,,-5,EST,1769005800,1769029200
2026-01-22,Thu,normal,,-5,EST,1769092200,1769115600
2026-01-23,Fri,normal,,-5,EST,1769178600,1769202000
2026-01-24,Sat,weekend,,-5,EST,,
2026-01-25,Sun,weekend,,-5,EST,,
2026-01-26,Mon,normal,,-5,EST,1769437800,1769461200
2026-01-27,Tue,normal,,-5,EST,1769524200,1769547600
2026-01-28,Wed,normal,,-5,EST,1769610600,1769634000
2026-01-29,Thu,normal,,-5,EST,1769697000,1769720400
2026-01-30,Fri,normal,,-5,EST,1769783400,1769806800
2026-01-31,Sat,weekend,,-5,EST,,
2026-02-01,Sun,weekend,,-5,EST,,
2026-02-02,Mon,normal,,-5,EST,1770042600,1770066000
2026-02-03,Tue,normal,,-5,EST,1770129000,1770152400
2026-02-04,Wed,normal,,-5,EST,1770215400,1770238800
2026-02-05,Thu,normal,,-5,EST,1770301800,1770325200
2026-02-06,Fri,normal,,-5,EST,1770388200,1770411600
2026-02-07,Sat,weekend,,-5,EST,,
2026-02-08,Sun,weekend,,-5,EST,,
2026-02-09,Mon,normal,,-5,EST,1770647400,1770670800
2026-02-10,Tue,normal,,-5,EST,1770733800,1770757200
2026-02-11,Wed,normal,,-5,EST,1770820200,1770843600
2026-02-12,Thu,normal,,-5,EST,1770906600,1770930000
2026-02-13,Fri,normal,,-5,EST,1770993000,1771016400
2026-02-14,Sat,weekend,,-5,EST,,
2026-02-15,Sun,weekend,,-5,EST,,
2026-02-16,Mon,holiday,Washington's Birthday,-5,EST,,
2026-02-17,Tue,normal,,-5,EST,1771338600,1771362000
2026-02-18,Wed,normal,,-5,EST,1771425000,1771448400
2026-02-19,Thu,normal,,-5,EST,1771511400,1771534800
2026-02-20,Fri,normal,,-5,EST,1771597800,1771621200
2026-02-21,Sat,weekend,,-5,EST,,
2026-02-22,Sun,weekend,,-5,EST,,
2026-02-23,Mon,normal,,-5,EST,1771857000,1771880400
2026-02-24,Tue,normal,,-5,EST,1771943400,1771966800
2026-02-25,Wed,normal,,-5,EST,1772029800,1772053200
2026-02-26,Thu,normal,,-5,EST,1772116200,1772139600
2026-02-27,Fri,normal,,-5,EST,1772202600,1772226000
2026-02-28,Sat,weekend,,-5,EST,,
2026-03-01,Sun,weekend,,-5,EST,,
2026-03-02,Mon,normal,,-5,EST,1772461800,1772485200
2026-03-03,Tue,normal,,-5,EST,1772548200,1772571600
2026-03-04,Wed,normal,,-5,EST,1772634600,1772658000
2026-03-05,Thu,normal,,-5,EST,1772721000,1772744400
2026-03-06,Fri,normal,,-5,EST,1772807400,1772830800
2026-03-07,Sat,weekend,,-5,EST,,
2026-03-08,Sun,weekend,,-4,EDT,,
2026-03-09,Mon,normal,,-4,EDT,1773063000,1773086400
2026-03-10,Tue,normal,,-4,EDT,1773149400,1773172800
2026-03-11,Wed,normal,,-4,EDT,1773235800,1773259200
2026-03-12,Thu,normal,,-4,EDT,1773322200,1773345600
2026-03-13,Fri,normal,,-4,EDT,1773408600,1773432000
2026-03-14,Sat,weekend,,-4,EDT,,
2026-03-15,Sun,weekend,,-4,EDT,,
2026-03-16,Mon,normal,,-4,EDT,1773667800,1773691200
2026-03-17,Tue,normal,,-4,EDT,1773754200,1773777600
2026-03-18,Wed,normal,,-4,EDT,1773840600,1773864000
2026-03-19,Thu,normal,,-4,EDT,1773927000,1773950400
2026-03-20,Fri,normal,,-4,EDT,1774013400,1774036800
2026-03-21,Sat,weekend,,-4,EDT,,
2026-03-22,Sun,weekend,,-4,EDT,,
2026-03-23,Mon,normal,,-4,EDT,1774272600,1774296000
2026-03-24,Tue,normal,,-4,EDT,1774359000,1774382400
2026-03-25,Wed,normal,,-4,EDT,1774445400,1774468800
2026-03-26,Thu,normal,,-4,EDT,1774531800,1774555200
2026-03-27,Fri,normal,,-4,EDT,1774618200,1774641600
2026-03-28,Sat,weekend,,-4,EDT,,
2026-03-29,Sun,weekend,,-4,EDT,,
2026-03-30,Mon,normal,,-4,EDT,1774877400,1774900800
2026-03-31,Tue,normal,,-4,EDT,1774963800,1774987200
2026-04-01,Wed,normal,,-4,EDT,1775050200,1775073600
2026-04-02,Thu,normal,,-4,EDT,1775136600,1775160000
2026-04-03,Fri,holiday,Good Friday,-4,EDT,,
2026-04-04,Sat,weekend,,-4,EDT,,
2026-04-05,Sun,weekend,,-4,EDT,,
2026-04-06,Mon,normal,,-4,EDT,1775482200,1775505600
2026-04-07,Tue,normal,,-4,EDT,1775568600,1775592000
2026-04-08,Wed,normal,,-4,EDT,1775655000,1775678400
2026-04-09,Thu,normal,,-4,EDT,1775741400,1775764800
2026-04-10,Fri,normal,,-4,EDT,1775827800,1775851200
2026-04-11,Sat,weekend,,-4,EDT,,
2026-04-12,Sun,weekend,,-4,EDT,,
2026-04-13,Mon,normal,,-4,EDT,1776087000,1776110400
2026-04-14,Tue,normal,,-4,EDT,1776173400,1776196800
2026-04-15,Wed,normal,,-4,EDT,1776259800,1776283200
2026-04-16,Thu,normal,,-4,EDT,1776346200,1776369600
2026-04-17,Fri,normal,,-4,EDT,1776432600,1776456000
2026-04-18,Sat,weekend,,-4,EDT,,
2026-04-19,Sun,weekend,,-4,EDT,,
2026-04-20,Mon,normal,,-4,EDT,1776691800,1776715200
2026-04-21,Tue,normal,,-4,EDT,1776778200,1776801600
2026-04-22,Wed,normal,,-4,EDT,1776864600,1776888000
2026-04-23,Thu,normal,,-4,EDT,1776951000,1776974400
2026-04-24,Fri,normal,,-4,EDT,1777037400,1777060800
2026-04-25,Sat,weekend,,-4,EDT,,
2026-04-26,Sun,weekend,,-4,EDT,,
2026-04-27,Mon,normal,,-4,EDT,1777296600,1777320000
2026-04-28,Tue,normal,,-4,EDT,1777383000,1777406400
2026-04-29,Wed,normal,,-4,EDT,1777469400,1777492800
2026-04-30,Thu,normal,,-4,EDT,1777555800,1777579200
2026-05-01,Fri,normal,,-4,EDT,1777642200,1777665600
2026-05-02,Sat,weekend,,-4,EDT,,
2026-05-03,Sun,weekend,,-4,EDT,,
2026-05-04,Mon,normal,,-4,EDT,1777901400,1777924800
2026-05-05,Tue,normal,,-4,EDT,1777987800,1778011200
2026-05-06,Wed,normal,,-4,EDT,1778074200,1778097600
2026-05-07,Thu,normal,,-4,EDT,1778160600,1778184000
2026-05-08,Fri,normal,,-4,EDT,1778247000,1778270400
2026-05-09,Sat,weekend,,-4,EDT,,
2026-05-10,Sun,weekend,,-4,EDT,,
2026-05-11,Mon,normal,,-4,EDT,1778506200,1778529600
2026-05-12,Tue,normal,,-4,EDT,1778592600,1778616000
2026-05-13,Wed,normal,,-4,EDT,1778679000,1778702400
2026-05-14,Thu,normal,,-4,EDT,1778765400,1778788800
2026-05-15,Fri,normal,,-4,EDT,1778851800,1778875200
2026-05-16,Sat,weekend,,-4,EDT,,
2026-05-17,Sun,weekend,,-4,EDT,,
2026-05-18,Mon,normal,,-4,EDT,1779111000,1779134400
2026-05-19,Tue,normal,,-4,EDT,1779197400,1779220800
2026-05-20,Wed,normal,,-4,EDT,1779283800,1779307200
2026-05-21,Thu,normal,,-4,EDT,1779370200,1779393600
2026-05-22,Fri,normal,,-4,EDT,1779456600,1779480000
2026-05-23,Sat,weekend,,-4,EDT,,
2026-05-24,Sun,weekend,,-4,EDT,,
2026-05-25,Mon,holiday,Memorial Day,-4,EDT,,
2026-05-26,Tue,normal,,-4,EDT,1779802200,1779825600
2026-05-27,Wed,normal,,-4,EDT,1779888600,1779912000
2026-05-28,Thu,normal,,-4,EDT,1779975000,1779998400
2026-05-29,Fri,normal,,-4,EDT,1780061400,1780084800
2026-05-30,Sat,weekend,,-4,EDT,,
2026-05-31,Sun,weekend,,-4,EDT,,
2026-06-01,Mon,normal,,-4,EDT,1780320600,1780344000
2026-06-02,Tue,normal,,-4,EDT,1780407000,1780430400
2026-06-03,Wed,normal,,-4,EDT,1780493400,1780516800
2026-06-04,Thu,normal,,-4,EDT,1780579800,1780603200
2026-06-05,Fri,normal,,-4,EDT,1780666200,1780689600
2026-06-06,Sat,weekend,,-4,EDT,,
2026-06-07,Sun,weekend,,-4,EDT,,
2026-06-08,Mon,normal,,-4,EDT,1780925400,1780948800
2026-06-09,Tue,normal,,-4,EDT,1781011800,1781035200
2026-06-10,Wed,normal,,-4,EDT,1781098200,1781121600
2026-06-11,Thu,normal,,-4,EDT,1781184600,1781208000
2026-06-12,Fri,normal,,-4,EDT,1781271000,1781294400
2026-06-13,Sat,weekend,,-4,EDT,,
2026-06-14,Sun,weekend,,-4,EDT,,
2026-06-15,Mon,normal,,-4,EDT,1781530200,1781553600
2026-06-16,Tue,normal,,-4,EDT,1781616600,1781640000
2026-06-17,Wed,normal,,-4,EDT,1781703000,1781726400
2026-06-18,Thu,normal,,-4,EDT,1781789400,1781812800
2026-06-19,Fri,holiday,Juneteenth National Independence Day,-4,EDT,,
2026-06-20,Sat,weekend,,-4,EDT,,
2026-06-21,Sun,weekend,,-4,EDT,,
2026-06-22,Mon,normal,,-4,EDT,1782135000,1782158400
2026-06-23,Tue,normal,,-4,EDT,1782221400,1782244800
2026-06-24,Wed,normal,,-4,EDT,1782307800,1782331200
2026-06-25,Thu,normal,,-4,EDT,1782394200,1782417600
2026-06-26,Fri,normal,,-4,EDT,1782480600,1782504000
2026-06-27,Sat,weekend,,-4,EDT,,
2026-06-28,Sun,weekend,,-4,EDT,,
2026-06-29,Mon,normal,,-4,EDT,1782739800,1782763200
2026-06-30,Tue,normal,,-4,EDT,1782826200,1782849600
2026-07-01,Wed,normal,,-4,EDT,1782912600,1782936000
2026-07-02,Thu,normal,,-4,EDT,1782999000,1783022400
2026-07-03,Fri,holiday,Independence Day,-4,EDT,,
2026-07-04,Sat,weekend,,-4,EDT,,
2026-07-05,Sun,weekend,,-4,EDT,,
2026-07-06,Mon,normal,,-4,EDT,1783344600,1783368000
2026-07-07,Tue,normal,,-4,EDT,1783431000,1783454400
2026-07-08,Wed,normal,,-4,EDT,1783517400,1783540800
2026-07-09,Thu,normal,,-4,EDT,1783603800,1783627200
2026-07-10,Fri,normal,,-4,EDT,1783690200,1783713600
2026-07-11,Sat,weekend,,-4,EDT,,
2026-07-12,Sun,weekend,,-4,EDT,,
2026-07-13,Mon,normal,,-4,EDT,1783949400,1783972800
2026-07-14,Tue,normal,,-4,EDT,1784035800,1784059200
2026-07-15,Wed,normal,,-4,EDT,1784122200,1784145600
2026-07-16,Thu,normal,,-4,EDT,1784208600,1784232000
2026-07-17,Fri,normal,,-4,EDT,1784295000,1784318400
2026-07-18,Sat,weekend,,-4,EDT,,
2026-07-19,Sun,weekend,,-4,EDT,,
2026-07-20,Mon,normal,,-4,EDT,1784554200,1784577600
2026-07-21,Tue,normal,,-4,EDT,1784640600,1784664000
2026-07-22,Wed,normal,,-4,EDT,1784727000,1784750400
2026-07-23,Thu,normal,,-4,EDT,1784813400,1784836800
2026-07-24,Fri,normal,,-4,EDT,1784899800,1784923200
2026-07-25,Sat,weekend,,-4,EDT,,
2026-07-26,Sun,weekend,,-4,EDT,,
2026-07-27,Mon,normal,,-4,EDT,1785159000,1785182400
2026-07-28,Tue,normal,,-4,EDT,1785245400,1785268800
2026-07-29,Wed,normal,,-4,EDT,1785331800,1785355200
2026-07-30,Thu,normal,,-4,EDT,1785418200,1785441600
2026-07-31,Fri,normal,,-4,EDT,1785504600,1785528000
2026-08-01,Sat,weekend,,-4,EDT,,
2026-08-02,Sun,weekend,,-4,EDT,,
2026-08-03,Mon,normal,,-4,EDT,1785763800,1785787200
2026-08-04,Tue,normal,,-4,EDT,1785850200,1785873600
2026-08-05,Wed,normal,,-4,EDT,1785936600,1785960000
2026-08-06,Thu,normal,,-4,EDT,1786023000,1786046400
2026-08-07,Fri,normal,,-4,EDT,1786109400,1786132800
2026-08-08,Sat,weekend,,-4,EDT,,
2026-08-09,Sun,weekend,,-4,EDT,,
2026-08-10,Mon,normal,,-4,EDT,1786368600,1786392000
2026-08-11,Tue,normal,,-4,EDT,1786455000,1786478400
2026-08-12,Wed,normal,,-4,EDT,1786541400,1786564800
2026-08-13,Thu,normal,,-4,EDT,1786627800,1786651200
2026-08-14,Fri,normal,,-4,EDT,1786714200,1786737600
2026-08-15,Sat,weekend,,-4,EDT,,
2026-08-16,Sun,weekend,,-4,EDT,,
2026-08-17,Mon,normal,,-4,EDT,1786973400,1786996800
2026-08-18,Tue,normal,,-4,EDT,1787059800,1787083200
2026-08-19,Wed,normal,,-4,EDT,1787146200,1787169600
2026-08-20,Thu,normal,,-4,EDT,1787232600,1787256000
2026-08-21,Fri,normal,,-4,EDT,1787319000,1787342400
2026-08-22,Sat,weekend,,-4,EDT,,
2026-08-23,Sun,weekend,,-4,EDT,,
2026-08-24,Mon,normal,,-4,EDT,1787578200,1787601600
2026-08-25,Tue,normal,,-4,EDT,1787664600,1787688000
2026-08-26,Wed,normal,,-4,EDT,1787751000,1787774400
2026-08-27,Thu,normal,,-4,EDT,1787837400,1787860800
2026-08-28,Fri,normal,,-4,EDT,1787923800,1787947200
2026-08-29,Sat,weekend,,-4,EDT,,
2026-08-30,Sun,weekend,,-4,EDT,,
2026-08-31,Mon,normal,,-4,EDT,1788183000,1788206400
2026-09-01,Tue,normal,,-4,EDT,1788269400,1788292800
2026-09-02,Wed,normal,,-4,EDT,1788355800,1788379200
2026-09-03,Thu,normal,,-4,EDT,1788442200,1788465600
2026-09-04,Fri,normal,,-4,EDT,1788528600,1788552000
2026-09-05,Sat,weekend,,-4,EDT,,
2026-09-06,Sun,weekend,,-4,EDT,,
2026-09-07,Mon,holiday,Labor Day,-4,EDT,,
2026-09-08,Tue,normal,,-4,EDT,1788874200,1788897600
2026-09-09,Wed,normal,,-4,EDT,1788960600,1788984000
2026-09-10,Thu,normal,,-4,EDT,1789047000,1789070400
2026-09-11,Fri,normal,,-4,EDT,1789133400,1789156800
2026-09-12,Sat,weekend,,-4,EDT,,
2026-09-13,Sun,weekend,,-4,EDT,,
2026-09-14,Mon,normal,,-4,EDT,1789392600,1789416000
2026-09-15,Tue,normal,,-4,EDT,1789479000,1789502400
2026-09-16,Wed,normal,,-4,EDT,1789565400,1789588800
2026-09-17,Thu,normal,,-4,EDT,1789651800,1789675200
2026-09-18,Fri,normal,,-4,EDT,1789738200,1789761600
2026-09-19,Sat,weekend,,-4,EDT,,
2026-09-20,Sun,weekend,,-4,EDT,,
2026-09-21,Mon,normal,,-4,EDT,1789997400,1790020800
2026-09-22,Tue,normal,,-4,EDT,1790083800,1790107200
2026-09-23,Wed,normal,,-4,EDT,1790170200,1790193600
2026-09-24,Thu,normal,,-4,EDT,1790256600,1790280000
2026-09-25,Fri,normal,,-4,EDT,1790343000,1790366400
2026-09-26,Sat,weekend,,-4,EDT,,
2026-09-27,Sun,weekend,,-4,EDT,,
2026-09-28,Mon,normal,,-4,EDT,1790602200,1790625600
2026-09-29,Tue,normal,,-4,EDT,1790688600,1790712000
2026-09-30,Wed,normal,,-4,EDT,1790775000,1790798400
2026-10-01,Thu,normal,,-4,EDT,1790861400,1790884800
2026-10-02,Fri,normal,,-4,EDT,1790947800,1790971200
2026-10-03,Sat,weekend,,-4,EDT,,
2026-10-04,Sun,weekend,,-4,EDT,,
2026-10-05,Mon,normal,,-4,EDT,1791207000,1791230400
2026-10-06,Tue,normal,,-4,EDT,1791293400,1791316800
2026-10-07,Wed,normal,,-4,EDT,1791379800,1791403200
2026-10-08,Thu,normal,,-4,EDT,1791466200,1791489600
2026-10-09,Fri,normal,,-4,EDT,1791552600,1791576000
2026-10-10,Sat,weekend,,-4,EDT,,
2026-10-11,Sun,weekend,,-4,EDT,,
2026-10-12,Mon,normal,,-4,EDT,1791811800,1791835200
2026-10-13,Tue,normal,,-4,EDT,1791898200,1791921600
2026-10-14,Wed,normal,,-4,EDT,1791984600,1792008000
2026-10-15,Thu,normal,,-4,EDT,1792071000,1792094400
2026-10-16,Fri,normal,,-4,EDT,1792157400,1792180800
2026-10-17,Sat,weekend,,-4,EDT,,
2026-10-18,Sun,weekend,,-4,EDT,,
2026-10-19,Mon,normal,,-4,EDT,1792416600,1792440000
2026-10-20,Tue,normal,,-4,EDT,1792503000,1792526400
2026-10-21,Wed,normal,,-4,EDT,1792589400,1792612800
2026-10-22,Thu,normal,,-4,EDT,1792675800,1792699200
2026-10-23,Fri,normal,,-4,EDT,1792762200,1792785600
2026-10-24,Sat,weekend,,-4,EDT,,
2026-10-25,Sun,weekend,,-4,EDT,,
2026-10-26,Mon,normal,,-4,EDT,1793021400,1793044800
2026-10-27,Tue,normal,,-4,EDT,1793107800,1793131200
2026-10-28,Wed,normal,,-4,EDT,1793194200,1793217600
2026-10-29,Thu,normal,,-4,EDT,1793280600,1793304000
2026-10-30,Fri,normal,,-4,EDT,1793367000,1793390400
2026-10-31,Sat,weekend,,-4,EDT,,
2026-11-01,Sun,weekend,,-5,EST,,
2026-11-02,Mon,normal,,-5,EST,1793629800,1793653200
2026-11-03,Tue,normal,,-5,EST,1793716200,1793739600
2026-11-04,Wed,normal,,-5,EST,1793802600,1793826000
2026-11-05,Thu,normal,,-5,EST,1793889000,1793912400
2026-11-06,Fri,normal,,-5,EST,1793975400,1793998800
2026-11-07,Sat,weekend,,-5,EST,,
2026-11-08,Sun,weekend,,-5,EST,,
2026-11-09,Mon,normal,,-5,EST,1794234600,1794258000
2026-11-10,Tue,normal,,-5,EST,1794321000,1794344400
2026-11-11,Wed,normal,,-5,EST,1794407400,1794430800
2026-11-12,Thu,normal,,-5,EST,1794493800,1794517200
2026-11-13,Fri,normal,,-5,EST,1794580200,1794603600
2026-11-14,Sat,weekend,,-5,EST,,
2026-11-15,Sun,weekend,,-5,EST,,
2026-11-16,Mon,normal,,-5,EST,1794839400,1794862800
2026-11-17,Tue,normal,,-5,EST,1794925800,1794949200
2026-11-18,Wed,normal,,-5,EST,1795012200,1795035600
2026-11-19,Thu,normal,,-5,EST,1795098600,1795122000
2026-11-20,Fri,normal,,-5,EST,1795185000,1795208400
2026-11-21,Sat,weekend,,-5,EST,,
2026-11-22,Sun,weekend,,-5,EST,,
2026-11-23,Mon,normal,,-5,EST,1795444200,1795467600
2026-11-24,Tue,normal,,-5,EST,1795530600,1795554000
2026-11-25,Wed,normal,,-5,EST,1795617000,1795640400
2026-11-26,Thu,holiday,Thanksgiving Day,-5,EST,,
2026-11-27,Fri,early_close,Day after Thanksgiving,-5,EST,1795789800,1795802400
2026-11-28,Sat,weekend,,-5,EST,,
2026-11-29,Sun,weekend,,-5,EST,,
2026-11-30,Mon,normal,,-5,EST,1796049000,1796072400
2026-12-01,Tue,normal,,-5,EST,1796135400,1796158800
2026-12-02,Wed,normal,,-5,EST,1796221800,1796245200
2026-12-03,Thu,normal,,-5,EST,1796308200,1796331600
2026-12-04,Fri,normal,,-5,EST,1796394600,1796418000
2026-12-05,Sat,weekend,,-5,EST,,
2026-12-06,Sun,weekend,,-5,EST,,
2026-12-07,Mon,normal,,-5,EST,1796653800,1796677200
2026-12-08,Tue,normal,,-5,EST,1796740200,1796763600
2026-12-09,Wed,normal,,-5,EST,1796826600,1796850000
2026-12-10,Thu,normal,,-5,EST,1796913000,1796936400
2026-12-11,Fri,normal,,-5,EST,1796999400,1797022800
2026-12-12,Sat,weekend,,-5,EST,,
2026-12-13,Sun,weekend,,-5,EST,,
2026-12-14,Mon,normal,,-5,EST,1797258600,1797282000
2026-12-15,Tue,normal,,-5,EST,1797345000,1797368400
2026-12-16,Wed,normal,,-5,EST,1797431400,1797454800
2026-12-17,Thu,normal,,-5,EST,1797517800,1797541200
2026-12-18,Fri,normal,,-5,EST,1797604200,1797627600
2026-12-19,Sat,weekend,,-5,EST,,
2026-12-20,Sun,weekend,,-5,EST,,
2026-12-21,Mon,normal,,-5,EST,1797863400,1797886800
2026-12-22,Tue,normal,,-5,EST,1797949800,1797973200
2026-12-23,Wed,normal,,-5,EST,1798036200,1798059600
2026-12-24,Thu,early_close,Christmas Eve,-5,EST,1798122600,1798135200
2026-12-25,Fri,holiday,Christmas Day,-5,EST,,
2026-12-26,Sat,weekend,,-5,EST,,
2026-12-27,Sun,weekend,,-5,EST,,
2026-12-28,Mon,normal,,-5,EST,1798468200,1798491600
2026-12-29,Tue,normal,,-5,EST,1798554600,1798578000
2026-12-30,Wed,normal,,-5,EST,1798641000,1798664400
2026-12-31,Thu,normal,,-5,EST,1798727400,1798750800
2027-01-01,Fri,holiday,New Year's Day,-5,EST,,
2027-01-02,Sat,weekend,,-5,EST,,
2027-01-03,Sun,weekend,,-5,EST,,
2027-01-04,Mon,normal,,-5,EST,1799073000,1799096400
2027-01-05,Tue,normal,,-5,EST,1799159400,1799182800
2027-01-06,Wed,normal,,-5,EST,1799245800,1799269200
2027-01-07,Thu,normal,,-5,EST,1799332200,1799355600
2027-01-08,Fri,normal,,-5,EST,1799418600,1799442000
2027-01-09,Sat,weekend,,-5,EST,,
2027-01-10,Sun,weekend,,-5,EST,,
2027-01-11,Mon,normal,,-5,EST,1799677800,1799701200
2027-01-12,Tue,normal,,-5,EST,1799764200,1799787600
2027-01-13,Wed,normal,,-5,EST,1799850600,1799874000
2027-01-14,Thu,normal,,-5,EST,1799937000,1799960400
2027-01-15,Fri,normal,,-5,EST,1800023400,1800046800
2027-01-16,Sat,weekend,,-5,EST,,
2027-01-17,Sun,weekend,,-5,EST,,
2027-01-18,Mon,holiday,Martin Luther King Jr. Day,-5,EST,,
2027-01-19,Tue,normal,,-5,EST,1800369000,1800392400
2027-01-20,Wed,normal,,-5,EST,1800455400,1800478800
2027-01-21,Thu,normal,,-5,EST,1800541800,1800565200
2027-01-22,Fri,normal,,-5,EST,1800628200,1800651600
2027-01-23,Sat,weekend,,-5,EST,,
2027-01-24,Sun,weekend,,-5,EST,,
2027-01-25,Mon,normal,,-5,EST,1800887400,1800910800
2027-01-26,Tue,normal,,-5,EST,1800973800,1800997200
2027-01-27,Wed,normal,,-5,EST,1801060200,1801083600
2027-01-28,Thu,normal,,-5,EST,1801146600,1801170000
2027-01-29,Fri,normal,,-5,EST,1801233000,1801256400
2027-01-30,Sat,weekend,,-5,EST,,
2027-01-31,Sun,weekend,,-5,EST,,
2027-02-01,Mon,normal,,-5,EST,1801492200,1801515600
2027-02-02,Tue,normal,,-5,EST,1801578600,1801602000
2027-02-03,Wed,normal,,-5,EST,1801665000,1801688400
2027-02-04,Thu,normal,,-5,EST,1801751400,1801774800
2027-02-05,Fri,normal,,-5,EST,1801837800,1801861200
2027-02-06,Sat,weekend,,-5,EST,,
2027-02-07,Sun,weekend,,-5,EST,,
2027-02-08,Mon,normal,,-5,EST,1802097000,1802120400
2027-02-09,Tue,normal,,-5,EST,1802183400,1802206800
2027-02-10,Wed,normal,,-5,EST,1802269800,1802293200
2027-02-11,Thu,normal,,-5,EST,1802356200,1802379600
2027-02-12,Fri,normal,,-5,EST,1802442600,1802466000
2027-02-13,Sat,weekend,,-5,EST,,
2027-02-14,Sun,weekend,,-5,EST,,
2027-02-15,Mon,holiday,Washington's Birthday,-5,EST,,
2027-02-16,Tue,normal,,-5,EST,1802788200,1802811600
2027-02-17,Wed,normal,,-5,EST,1802874600,1802898000
2027-02-18,Thu,normal,,-5,EST,1802961000,1802984400
2027-02-19,Fri,normal,,-5,EST,1803047400,1803070800
2027-02-20,Sat,weekend,,-5,EST,,
2027-02-21,Sun,weekend,,-5,EST,,
2027-02-22,Mon,normal,,-5,EST,1803306600,1803330000
2027-02-23,Tue,normal,,-5,EST,1803393000,1803416400
2027-02-24,Wed,normal,,-5,EST,1803479400,1803502800
2027-02-25,Thu,normal,,-5,EST,1803565800,1803589200
2027-02-26,Fri,normal,,-5,EST,1803652200,1803675600
2027-02-27,Sat,weekend,,-5,EST,,
2027-02-28,Sun,weekend,,-5,EST,,
2027-03-01,Mon,normal,,-5,EST,1803911400,1803934800
2027-03-02,Tue,normal,,-5,EST,1803997800,1804021200
2027-03-03,Wed,normal,,-5,EST,1804084200,1804107600
2027-03-04,Thu,normal,,-5,EST,1804170600,1804194000
2027-03-05,Fri,normal,,-5,EST,1804257000,1804280400
2027-03-06,Sat,weekend,,-5,EST,,
2027-03-07,Sun,weekend,,-5,EST,,
2027-03-08,Mon,normal,,-5,EST,1804516200,1804539600
2027-03-09,Tue,normal,,-5,EST,1804602600,1804626000
2027-03-10,Wed,normal,,-5,EST,1804689000,1804712400
2027-03-11,Thu,normal,,-5,EST,1804775400,1804798800
2027-03-12,Fri,normal,,-5,EST,1804861800,1804885200
2027-03-13,Sat,weekend,,-5,EST,,
2027-03-14,Sun,weekend,,-4,EDT,,
2027-03-15,Mon,normal,,-4,EDT,1805117400,1805140800
2027-03-16,Tue,normal,,-4,EDT,1805203800,1805227200
2027-03-17,Wed,normal,,-4,EDT,1805290200,1805313600
2027-03-18,Thu,normal,,-4,EDT,1805376600,1805400000
2027-03-19,Fri,normal,,-4,EDT,1805463000,1805486400
2027-03-20,Sat,weekend,,-4,EDT,,
2027-03-21,Sun,weekend,,-4,EDT,,
2027-03-22,Mon,normal,,-4,EDT,1805722200,1805745600
2027-03-23,Tue,normal,,-4,EDT,1805808600,1805832000
2027-03-24,Wed,normal,,-4,EDT,1805895000,1805918400
2027-03-25,Thu,normal,,-4,EDT,1805981400,1806004800
2027-03-26,Fri,holiday,Good Friday,-4,EDT,,
2027-03-27,Sat,weekend,,-4,EDT,,
2027-03-28,Sun,weekend,,-4,EDT,,
2027-03-29,Mon,normal,,-4,EDT,1806327000,1806350400
2027-03-30,Tue,normal,,-4,EDT,1806413400,1806436800
2027-03-31,Wed,normal,,-4,EDT,1806499800,1806523200
2027-04-01,Thu,normal,,-4,EDT,1806586200,1806609600
2027-04-02,Fri,normal,,-4,EDT,1806672600,1806696000
2027-04-03,Sat,weekend,,-4,EDT,,
2027-04-04,Sun,weekend,,-4,EDT,,
2027-04-05,Mon,normal,,-4,EDT,1806931800,1806955200
2027-04-06,Tue,normal,,-4,EDT,1807018200,1807041600
2027-04-07,Wed,normal,,-4,EDT,1807104600,1807128000
2027-04-08,Thu,normal,,-4,EDT,1807191000,1807214400
2027-04-09,Fri,normal,,-4,EDT,1807277400,1807300800
2027-04-10,Sat,weekend,,-4,EDT,,
2027-04-11,Sun,weekend,,-4,EDT,,
2027-04-12,Mon,normal,,-4,EDT,1807536600,1807560000
2027-04-13,Tue,normal,,-4,EDT,1807623000,1807646400
2027-04-14,Wed,normal,,-4,EDT,1807709400,1807732800
2027-04-15,Thu,normal,,-4,EDT,1807795800,1807819200
2027-04-16,Fri,normal,,-4,EDT,1807882200,1807905600
2027-04-17,Sat,weekend,,-4,EDT,,
2027-04-18,Sun,weekend,,-4,EDT,,
2027-04-19,Mon,normal,,-4,EDT,1808141400,1808164800
2027-04-20,Tue,normal,,-4,EDT,1808227800,1808251200
2027-04-21,Wed,normal,,-4,EDT,1808314200,1808337600
2027-04-22,Thu,normal,,-4,EDT,1808400600,1808424000
2027-04-23,Fri,normal,,-4,EDT,1808487000,1808510400
2027-04-24,Sat,weekend,,-4,EDT,,
2027-04-25,Sun,weekend,,-4,EDT,,
2027-04-26,Mon,normal,,-4,EDT,1808746200,1808769600
2027-04-27,Tue,normal,,-4,EDT,1808832600,1808856000
2027-04-28,Wed,normal,,-4,EDT,1808919000,1808942400
2027-04-29,Thu,normal,,-4,EDT,1809005400,1809028800
2027-04-30,Fri,normal,,-4,EDT,1809091800,1809115200
2027-05-01,Sat,weekend,,-4,EDT,,
2027-05-02,Sun,weekend,,-4,EDT,,
2027-05-03,Mon,normal,,-4,EDT,1809351000,1809374400
2027-05-04,Tue,normal,,-4,EDT,1809437400,1809460800
2027-05-05,Wed,normal,,-4,EDT,1809523800,1809547200
2027-05-06,Thu,normal,,-4,EDT,1809610200,1809633600
2027-05-07,Fri,normal,,-4,EDT,1809696600,1809720000
2027-05-08,Sat,weekend,,-4,EDT,,
2027-05-09,Sun,weekend,,-4,EDT,,
2027-05-10,Mon,normal,,-4,EDT,1809955800,1809979200
2027-05-11,Tue,normal,,-4,EDT,1810042200,1810065600
2027-05-12,Wed,normal,,-4,EDT,1810128600,1810152000
2027-05-13,Thu,normal,,-4,EDT,1810215000,1810238400
2027-05-14,Fri,normal,,-4,EDT,1810301400,1810324800
2027-05-15,Sat,weekend,,-4,EDT,,
2027-05-16,Sun,weekend,,-4,EDT,,
2027-05-17,Mon,normal,,-4,EDT,1810560600,1810584000
2027-05-18,Tue,normal,,-4,EDT,1810647000,1810670400
2027-05-19,Wed,normal,,-4,EDT,1810733400,1810756800
2027-05-20,Thu,normal,,-4,EDT,1810819800,1810843200
2027-05-21,Fri,normal,,-4,EDT,1810906200,1810929600
2027-05-22,Sat,weekend,,-4,EDT,,
2027-05-23,Sun,weekend,,-4,EDT,,
2027-05-24,Mon,normal,,-4,EDT,1811165400,1811188800
2027-05-25,Tue,normal,,-4,EDT,1811251800,1811275200
2027-05-26,Wed,normal,,-4,EDT,1811338200,1811361600
2027-05-27,Thu,normal,,-4,EDT,1811424600,1811448000
2027-05-28,Fri,normal,,-4,EDT,1811511000,1811534400
2027-05-29,Sat,weekend,,-4,EDT,,
2027-05-30,Sun,weekend,,-4,EDT,,
2027-05-31,Mon,holiday,Memorial Day,-4,EDT,,
2027-06-01,Tue,normal,,-4,EDT,1811856600,1811880000
2027-06-02,Wed,normal,,-4,EDT,1811943000,1811966400
2027-06-03,Thu,normal,,-4,EDT,1812029400,1812052800
2027-06-04,Fri,normal,,-4,EDT,1812115800,1812139200
2027-06-05,Sat,weekend,,-4,EDT,,
2027-06-06,Sun,weekend,,-4,EDT,,
2027-06-07,Mon,normal,,-4,EDT,1812375000,1812398400
2027-06-08,Tue,normal,,-4,EDT,1812461400,1812484800
2027-06-09,Wed,normal,,-4,EDT,1812547800,1812571200
2027-06-10,Thu,normal,,-4,EDT,1812634200,1812657600
2027-06-11,Fri,normal,,-4,EDT,1812720600,1812744000
2027-06-12,Sat,weekend,,-4,EDT,,
2027-06-13,Sun,weekend,,-4,EDT,,
2027-06-14,Mon,normal,,-4,EDT,1812979800,1813003200
2027-06-15,Tue,normal,,-4,EDT,1813066200,1813089600
2027-06-16,Wed,normal,,-4,EDT,1813152600,1813176000
2027-06-17,Thu,normal,,-4,EDT,1813239000,1813262400
2027-06-18,Fri,holiday,Juneteenth National Independence Day,-4,EDT,,
2027-06-19,Sat,weekend,,-4,EDT,,
2027-06-20,Sun,weekend,,-4,EDT,,
2027-06-21,Mon,normal,,-4,EDT,1813584600,1813608000
2027-06-22,Tue,normal,,-4,EDT,1813671000,1813694400
2027-06-23,Wed,normal,,-4,EDT,1813757400,1813780800
2027-06-24,Thu,normal,,-4,EDT,1813843800,1813867200
2027-06-25,Fri,normal,,-4,EDT,1813930200,1813953600
2027-06-26,Sat,weekend,,-4,EDT,,
2027-06-27,Sun,weekend,,-4,EDT,,
2027-06-28,Mon,normal,,-4,EDT,1814189400,1814212800
2027-06-29,Tue,normal,,-4,EDT,1814275800,1814299200
2027-06-30,Wed,normal,,-4,EDT,1814362200,1814385600
2027-07-01,Thu,normal,,-4,EDT,1814448600,1814472000
2027-07-02,Fri,normal,,-4,EDT,1814535000,1814558400
2027-07-03,Sat,weekend,,-4,EDT,,
2027-07-04,Sun,weekend,,-4,EDT,,
2027-07-05,Mon,holiday,Independence Day,-4,EDT,,
2027-07-06,Tue,normal,,-4,EDT,1814880600,1814904000
2027-07-07,Wed,normal,,-4,EDT,1814967000,1814990400
2027-07-08,Thu,normal,,-4,EDT,1815053400,1815076800
2027-07-09,Fri,normal,,-4,EDT,1815139800,1815163200
2027-07-10,Sat,weekend,,-4,EDT,,
2027-07-11,Sun,weekend,,-4,EDT,,
2027-07-12,Mon,normal,,-4,EDT,1815399000,1815422400
2027-07-13,Tue,normal,,-4,EDT,1815485400,1815508800
2027-07-14,Wed,normal,,-4,EDT,1815571800,1815595200
2027-07-15,Thu,normal,,-4,EDT,1815658200,1815681600
2027-07-16,Fri,normal,,-4,EDT,1815744600,1815768000
2027-07-17,Sat,weekend,,-4,EDT,,
2027-07-18,Sun,weekend,,-4,EDT,,
2027-07-19,Mon,normal,,-4,EDT,1816003800,1816027200
2027-07-20,Tue,normal,,-4,EDT,1816090200,1816113600
2027-07-21,Wed,normal,,-4,EDT,1816176600,1816200000
2027-07-22,Thu,normal,,-4,EDT,1816263000,1816286400
2027-07-23,Fri,normal,,-4,EDT,1816349400,1816372800
2027-07-24,Sat,weekend,,-4,EDT,,
2027-07-25,Sun,weekend,,-4,EDT,,
2027-07-26,Mon,normal,,-4,EDT,1816608600,1816632000
2027-07-27,Tue,normal,,-4,EDT,1816695000,1816718400
2027-07-28,Wed,normal,,-4,EDT,1816781400,1816804800
2027-07-29,Thu,normal,,-4,EDT,1816867800,1816891200
2027-07-30,Fri,normal,,-4,EDT,1816954200,1816977600
2027-07-31,Sat,weekend,,-4,EDT,,
2027-08-01,Sun,weekend,,-4,EDT,,
2027-08-02,Mon,normal,,-4,EDT,1817213400,1817236800
2027-08-03,Tue,normal,,-4,EDT,1817299800,1817323200
2027-08-04,Wed,normal,,-4,EDT,1817386200,1817409600
2027-08-05,Thu,normal,,-4,EDT,1817472600,1817496000
2027-08-06,Fri,normal,,-4,EDT,1817559000,1817582400
2027-08-07,Sat,weekend,,-4,EDT,,
2027-08-08,Sun,weekend,,-4,EDT,,
2027-08-09,Mon,normal,,-4,EDT,1817818200,1817841600
2027-08-10,Tue,normal,,-4,EDT,1817904600,1817928000
2027-08-11,Wed,normal,,-4,EDT,1817991000,1818014400
2027-08-12,Thu,normal,,-4,EDT,1818077400,1818100800
2027-08-13,Fri,normal,,-4,EDT,1818163800,1818187200
2027-08-14,Sat,weekend,,-4,EDT,,
2027-08-15,Sun,weekend,,-4,EDT,,
2027-08-16,Mon,normal,,-4,EDT,1818423000,1818446400
2027-08-17,Tue,normal,,-4,EDT,1818509400,1818532800
2027-08-18,Wed,normal,,-4,EDT,1818595800,1818619200
2027-08-19,Thu,normal,,-4,EDT,1818682200,1818705600
2027-08-20,Fri,normal,,-4,EDT,1818768600,1818792000
2027-08-21,Sat,weekend,,-4,EDT,,
2027-08-22,Sun,weekend,,-4,EDT,,
2027-08-23,Mon,normal,,-4,EDT,1819027800,1819051200
2027-08-24,Tue,normal,,-4,EDT,1819114200,1819137600
2027-08-25,Wed,normal,,-4,EDT,1819200600,1819224000
2027-08-26,Thu,normal,,-4,EDT,1819287000,1819310400
2027-08-27,Fri,normal,,-4,EDT,1819373400,1819396800
2027-08-28,Sat,weekend,,-4,EDT,,
2027-08-29,Sun,weekend,,-4,EDT,,
2027-08-30,Mon,normal,,-4,EDT,1819632600,1819656000
2027-08-31,Tue,normal,,-4,EDT,1819719000,1819742400
2027-09-01,Wed,normal,,-4,EDT,1819805400,1819828800
2027-09-02,Thu,normal,,-4,EDT,1819891800,1819915200
2027-09-03,Fri,normal,,-4,EDT,1819978200,1820001600
2027-09-04,Sat,weekend,,-4,EDT,,
2027-09-05,Sun,weekend,,-4,EDT,,
2027-09-06,Mon,holiday,Labor Day,-4,EDT,,
2027-09-07,Tue,normal,,-4,EDT,1820323800,1820347200
2027-09-08,Wed,normal,,-4,EDT,1820410200,1820433600
2027-09-09,Thu,normal,,-4,EDT,1820496600,1820520000
2027-09-10,Fri,normal,,-4,EDT,1820583000,1820606400
2027-09-11,Sat,weekend,,-4,EDT,,
2027-09-12,Sun,weekend,,-4,EDT,,
2027-09-13,Mon,normal,,-4,EDT,1820842200,1820865600
2027-09-14,Tue,normal,,-4,EDT,1820928600,1820952000
2027-09-15,Wed,normal,,-4,EDT,1821015000,1821038400
2027-09-16,Thu,normal,,-4,EDT,1821101400,1821124800
2027-09-17,Fri,normal,,-4,EDT,1821187800,1821211200
2027-09-18,Sat,weekend,,-4,EDT,,
2027-09-19,Sun,weekend,,-4,EDT,,
2027-09-20,Mon,normal,,-4,EDT,1821447000,1821470400
2027-09-21,Tue,normal,,-4,EDT,1821533400,1821556800
2027-09-22,Wed,normal,,-4,EDT,1821619800,1821643200
2027-09-23,Thu,normal,,-4,EDT,1821706200,1821729600
2027-09-24,Fri,normal,,-4,EDT,1821792600,1821816000
2027-09-25,Sat,weekend,,-4,EDT,,
2027-09-26,Sun,weekend,,-4,EDT,,
2027-09-27,Mon,normal,,-4,EDT,1822051800,1822075200
2027-09-28,Tue,normal,,-4,EDT,1822138200,1822161600
2027-09-29,Wed,normal,,-4,EDT,1822224600,1822248000
2027-09-30,Thu,normal,,-4,EDT,1822311000,1822334400
2027-10-01,Fri,normal,,-4,EDT,1822397400,1822420800
2027-10-02,Sat,weekend,,-4,EDT,,
2027-10-03,Sun,weekend,,-4,EDT,,
2027-10-04,Mon,normal,,-4,EDT,1822656600,1822680000
2027-10-05,Tue,normal,,-4,EDT,1822743000,1822766400
2027-10-06,Wed,normal,,-4,EDT,1822829400,1822852800
2027-10-07,Thu,normal,,-4,EDT,1822915800,1822939200
2027-10-08,Fri,normal,,-4,EDT,1823002200,1823025600
2027-10-09,Sat,weekend,,-4,EDT,,
2027-10-10,Sun,weekend,,-4,EDT,,
2027-10-11,Mon,normal,,-4,EDT,1823261400,1823284800
2027-10-12,Tue,normal,,-4,EDT,1823347800,1823371200
2027-10-13,Wed,normal,,-4,EDT,1823434200,1823457600
2027-10-14,Thu,normal,,-4,EDT,1823520600,1823544000
2027-10-15,Fri,normal,,-4,EDT,1823607000,1823630400
2027-10-16,Sat,weekend,,-4,EDT,,
2027-10-17,Sun,weekend,,-4,EDT,,
2027-10-18,Mon,normal,,-4,EDT,1823866200,1823889600
2027-10-19,Tue,normal,,-4,EDT,1823952600,1823976000
2027-10-20,Wed,normal,,-4,EDT,1824039000,1824062400
2027-10-21,Thu,normal,,-4,EDT,1824125400,1824148800
2027-10-22,Fri,normal,,-4,EDT,1824211800,1824235200
2027-10-23,Sat,weekend,,-4,EDT,,
2027-10-24,Sun,weekend,,-4,EDT,,
2027-10-25,Mon,normal,,-4,EDT,1824471000,1824494400
2027-10-26,Tue,normal,,-4,EDT,1824557400,1824580800
2027-10-27,Wed,normal,,-4,EDT,1824643800,1824667200
2027-10-28,Thu,normal,,-4,EDT,1824730200,1824753600
2027-10-29,Fri,normal,,-4,EDT,1824816600,1824840000
2027-10-30,Sat,weekend,,-4,EDT,,
2027-10-31,Sun,weekend,,-4,EDT,,
2027-11-01,Mon,normal,,-4,EDT,1825075800,1825099200
2027-11-02,Tue,normal,,-4,EDT,1825162200,1825185600
2027-11-03,Wed,normal,,-4,EDT,1825248600,1825272000
2027-11-04,Thu,normal,,-4,EDT,1825335000,1825358400
2027-11-05,Fri,normal,,-4,EDT,1825421400,1825444800
2027-11-06,Sat,weekend,,-4,EDT,,
2027-11-07,Sun,weekend,,-5,EST,,
2027-11-08,Mon,normal,,-5,EST,1825684200,1825707600
2027-11-09,Tue,normal,,-5,EST,1825770600,1825794000
2027-11-10,Wed,normal,,-5,EST,1825857000,1825880400
2027-11-11,Thu,normal,,-5,EST,1825943400,1825966800
2027-11-12,Fri,normal,,-5,EST,1826029800,1826053200
2027-11-13,Sat,weekend,,-5,EST,,
2027-11-14,Sun,weekend,,-5,EST,,
2027-11-15,Mon,normal,,-5,EST,1826289000,1826312400
2027-11-16,Tue,normal,,-5,EST,1826375400,1826398800
2027-11-17,Wed,normal,,-5,EST,1826461800,1826485200
2027-11-18,Thu,normal,,-5,EST,1826548200,1826571600
2027-11-19,Fri,normal,,-5,EST,1826634600,1826658000
2027-11-20,Sat,weekend,,-5,EST,,
2027-11-21,Sun,weekend,,-5,EST,,
2027-11-22,Mon,normal,,-5,EST,1826893800,1826917200
2027-11-23,Tue,normal,,-5,EST,1826980200,1827003600
2027-11-24,Wed,normal,,-5,EST,1827066600,1827090000
2027-11-25,Thu,holiday,Thanksgiving Day,-5,EST,,
2027-11-26,Fri,early_close,Day after Thanksgiving,-5,EST,1827239400,1827252000
2027-11-27,Sat,weekend,,-5,EST,,
2027-11-28,Sun,weekend,,-5,EST,,
2027-11-29,Mon,normal,,-5,EST,1827498600,1827522000
2027-11-30,Tue,normal,,-5,EST,1827585000,1827608400
2027-12-01,Wed,normal,,-5,EST,1827671400,1827694800
2027-12-02,Thu,normal,,-5,EST,1827757800,1827781200
2027-12-03,Fri,normal,,-5,EST,1827844200,1827867600
2027-12-04,Sat,weekend,,-5,EST,,
2027-12-05,Sun,weekend,,-5,EST,,
2027-12-06,Mon,normal,,-5,EST,1828103400,1828126800
2027-12-07,Tue,normal,,-5,EST,1828189800,1828213200
2027-12-08,Wed,normal,,-5,EST,1828276200,1828299600
2027-12-09,Thu,normal,,-5,EST,1828362600,1828386000
2027-12-10,Fri,normal,,-5,EST,1828449000,1828472400
2027-12-11,Sat,weekend,,-5,EST,,
2027-12-12,Sun,weekend,,-5,EST,,
2027-12-13,Mon,normal,,-5,EST,1828708200,1828731600
2027-12-14,Tue,normal,,-5,EST,1828794600,1828818000
2027-12-15,Wed,normal,,-5,EST,1828881000,1828904400
2027-12-16,Thu,normal,,-5,EST,1828967400,1828990800
2027-12-17,Fri,normal,,-5,EST,1829053800,1829077200
2027-12-18,Sat,weekend,,-5,EST,,
2027-12-19,Sun,weekend,,-5,EST,,
2027-12-20,Mon,normal,,-5,EST,1829313000,1829336400
2027-12-21,Tue,normal,,-5,EST,1829399400,1829422800
2027-12-22,Wed,normal,,-5,EST,1829485800,1829509200
2027-12-23,Thu,normal,,-5,EST,1829572200,1829595600
2027-12-24,Fri,holiday,Christmas Day,-5,EST,,
2027-12-25,Sat,weekend,,-5,EST,,
2027-12-26,Sun,weekend,,-5,EST,,
2027-12-27,Mon,normal,,-5,EST,1829917800,1829941200
2027-12-28,Tue,normal,,-5,EST,1830004200,1830027600
2027-12-29,Wed,normal,,-5,EST,1830090600,1830114000
2027-12-30,Thu,normal,,-5,EST,1830177000,1830200400
2027-12-31,Fri,normal,,-5,EST,1830263400,1830286800
2028-01-01,Sat,weekend,,-5,EST,,
2028-01-02,Sun,weekend,,-5,EST,,
2028-01-03,Mon,normal,,-5,EST,1830522600,1830546000
2028-01-04,Tue,normal,,-5,EST,1830609000,1830632400
2028-01-05,Wed,normal,,-5,EST,1830695400,1830718800
2028-01-06,Thu,normal,,-5,EST,1830781800,1830805200
2028-01-07,Fri,normal,,-5,EST,1830868200,1830891600
2028-01-08,Sat,weekend,,-5,EST,,
2028-01-09,Sun,weekend,,-5,EST,,
2028-01-10,Mon,normal,,-5,EST,1831127400,1831150800
2028-01-11,Tue,normal,,-5,EST,1831213800,1831237200
2028-01-12,Wed,normal,,-5,EST,1831300200,1831323600
2028-01-13,Thu,normal,,-5,EST,1831386600,1831410000
2028-01-14,Fri,normal,,-5,EST,1831473000,1831496400
2028-01-15,Sat,weekend,,-5,EST,,
2028-01-16,Sun,weekend,,-5,EST,,
2028-01-17,Mon,holiday,Martin Luther King Jr. Day,-5,EST,,
2028-01-18,Tue,normal,,-5,EST,1831818600,1831842000
2028-01-19,Wed,normal,,-5,EST,1831905000,1831928400
2028-01-20,Thu,normal,,-5,EST,1831991400,1832014800
2028-01-21,Fri,normal,,-5,EST,1832077800,1832101200
2028-01-22,Sat,weekend,,-5,EST,,
2028-01-23,Sun,weekend,,-5,EST,,
2028-01-24,Mon,normal,,-5,EST,1832337000,1832360400
2028-01-25,Tue,normal,,-5,EST,1832423400,1832446800
2028-01-26,Wed,normal,,-5,EST,1832509800,1832533200
2028-01-27,Thu,normal,,-5,EST,1832596200,1832619600
2028-01-28,Fri,normal,,-5,EST,1832682600,1832706000
2028-01-29,Sat,weekend,,-5,EST,,
2028-01-30,Sun,weekend,,-5,EST,,
2028-01-31,Mon,normal,,-5,EST,1832941800,1832965200
2028-02-01,Tue,normal,,-5,EST,1833028200,1833051600
2028-02-02,Wed,normal,,-5,EST,1833114600,1833138000
2028-02-03,Thu,normal,,-5,EST,1833201000,1833224400
2028-02-04,Fri,normal,,-5,EST,1833287400,1833310800
2028-02-05,Sat,weekend,,-5,EST,,
2028-02-06,Sun,weekend,,-5,EST,,
2028-02-07,Mon,normal,,-5,EST,1833546600,1833570000
2028-02-08,Tue,normal,,-5,EST,1833633000,1833656400
2028-02-09,Wed,normal,,-5,EST,1833719400,1833742800
2028-02-10,Thu,normal,,-5,EST,1833805800,1833829200
2028-02-11,Fri,normal,,-5,EST,1833892200,1833915600
2028-02-12,Sat,weekend,,-5,EST,,
2028-02-13,Sun,weekend,,-5,EST,,
2028-02-14,Mon,normal,,-5,EST,1834151400,1834174800
2028-02-15,Tue,normal,,-5,EST,1834237800,1834261200
2028-02-16,Wed,normal,,-5,EST,1834324200,1834347600
2028-02-17,Thu,normal,,-5,EST,1834410600,1834434000
2028-02-18,Fri,normal,,-5,EST,1834497000,1834520400
2028-02-19,Sat,weekend,,-5,EST,,
2028-02-20,Sun,weekend,,-5,EST,,
2028-02-21,Mon,holiday,Washington's Birthday,-5,EST,,
2028-02-22,Tue,normal,,-5,EST,1834842600,1834866000
2028-02-23,Wed,normal,,-5,EST,1834929000,1834952400
2028-02-24,Thu,normal,,-5,EST,1835015400,1835038800
2028-02-25,Fri,normal,,-5,EST,1835101800,1835125200
2028-02-26,Sat,weekend,,-5,EST,,
2028-02-27,Sun,weekend,,-5,EST,,
2028-02-28,Mon,normal,,-5,EST,1835361000,1835384400
2028-02-29,Tue,normal,,-5,EST,1835447400,1835470800
2028-03-01,Wed,normal,,-5,EST,1835533800,1835557200
2028-03-02,Thu,normal,,-5,EST,1835620200,1835643600
2028-03-03,Fri,normal,,-5,EST,1835706600,1835730000
2028-03-04,Sat,weekend,,-5,EST,,
2028-03-05,Sun,weekend,,-5,EST,,
2028-03-06,Mon,normal,,-5,EST,1835965800,1835989200
2028-03-07,Tue,normal,,-5,EST,1836052200,1836075600
2028-03-08,Wed,normal,,-5,EST,1836138600,1836162000
2028-03-09,Thu,normal,,-5,EST,1836225000,1836248400
2028-03-10,Fri,normal,,-5,EST,1836311400,1836334800
2028-03-11,Sat,weekend,,-5,EST,,
2028-03-12,Sun,weekend,,-4,EDT,,
2028-03-13,Mon,normal,,-4,EDT,1836567000,1836590400
2028-03-14,Tue,normal,,-4,EDT,1836653400,1836676800
2028-03-15,Wed,normal,,-4,EDT,1836739800,1836763200
2028-03-16,Thu,normal,,-4,EDT,1836826200,1836849600
2028-03-17,Fri,normal,,-4,EDT,1836912600,1836936000
2028-03-18,Sat,weekend,,-4,EDT,,
2028-03-19,Sun,weekend,,-4,EDT,,
2028-03-20,Mon,normal,,-4,EDT,1837171800,1837195200
2028-03-21,Tue,normal,,-4,EDT,1837258200,1837281600
2028-03-22,Wed,normal,,-4,EDT,1837344600,1837368000
2028-03-23,Thu,normal,,-4,EDT,1837431000,1837454400
2028-03-24,Fri,normal,,-4,EDT,1837517400,1837540800
2028-03-25,Sat,weekend,,-4,EDT,,
2028-03-26,Sun,weekend,,-4,EDT,,
2028-03-27,Mon,normal,,-4,EDT,1837776600,1837800000
2028-03-28,Tue,normal,,-4,EDT,1837863000,1837886400
2028-03-29,Wed,normal,,-4,EDT,1837949400,1837972800
2028-03-30,Thu,normal,,-4,EDT,1838035800,1838059200
2028-03-31,Fri,normal,,-4,EDT,1838122200,1838145600
2028-04-01,Sat,weekend,,-4,EDT,,
2028-04-02,Sun,weekend,,-4,EDT,,
2028-04-03,Mon,normal,,-4,EDT,1838381400,1838404800
2028-04-04,Tue,normal,,-4,EDT,1838467800,1838491200
2028-04-05,Wed,normal,,-4,EDT,1838554200,1838577600
2028-04-06,Thu,normal,,-4,EDT,1838640600,1838664000
2028-04-07,Fri,normal,,-4,EDT,1838727000,1838750400
2028-04-08,Sat,weekend,,-4,EDT,,
2028-04-09,Sun,weekend,,-4,EDT,,
2028-04-10,Mon,normal,,-4,EDT,1838986200,1839009600
2028-04-11,Tue,normal,,-4,EDT,1839072600,1839096000
2028-04-12,Wed,normal,,-4,EDT,1839159000,1839182400
2028-04-13,Thu,normal,,-4,EDT,1839245400,1839268800
2028-04-14,Fri,holiday,Good Friday,-4,EDT,,
2028-04-15,Sat,weekend,,-4,EDT,,
2028-04-16,Sun,weekend,,-4,EDT,,
2028-04-17,Mon,normal,,-4,EDT,1839591000,1839614400
2028-04-18,Tue,normal,,-4,EDT,1839677400,1839700800
2028-04-19,Wed,normal,,-4,EDT,1839763800,1839787200
2028-04-20,Thu,normal,,-4,EDT,1839850200,1839873600
2028-04-21,Fri,normal,,-4,EDT,1839936600,1839960000
2028-04-22,Sat,weekend,,-4,EDT,,
2028-04-23,Sun,weekend,,-4,EDT,,
2028-04-24,Mon,normal,,-4,EDT,1840195800,1840219200
2028-04-25,Tue,normal,,-4,EDT,1840282200,1840305600
2028-04-26,Wed,normal,,-4,EDT,1840368600,1840392000
2028-04-27,Thu,normal,,-4,EDT,1840455000,1840478400
2028-04-28,Fri,normal,,-4,EDT,1840541400,1840564800
2028-04-29,Sat,weekend,,-4,EDT,,
2028-04-30,Sun,weekend,,-4,EDT,,
2028-05-01,Mon,normal,,-4,EDT,1840800600,1840824000
2028-05-02,Tue,normal,,-4,EDT,1840887000,1840910400
2028-05-03,Wed,normal,,-4,EDT,1840973400,1840996800
2028-05-04,Thu,normal,,-4,EDT,1841059800,1841083200
2028-05-05,Fri,normal,,-4,EDT,1841146200,1841169600
2028-05-06,Sat,weekend,,-4,EDT,,
2028-05-07,Sun,weekend,,-4,EDT,,
2028-05-08,Mon,normal,,-4,EDT,1841405400,1841428800
2028-05-09,Tue,normal,,-4,EDT,1841491800,1841515200
2028-05-10,Wed,normal,,-4,EDT,1841578200,1841601600
2028-05-11,Thu,normal,,-4,EDT,1841664600,1841688000
2028-05-12,Fri,normal,,-4,EDT,1841751000,1841774400
2028-05-13,Sat,weekend,,-4,EDT,,
2028-05-14,Sun,weekend,,-4,EDT,,
2028-05-15,Mon,normal,,-4,EDT,1842010200,1842033600
2028-05-16,Tue,normal,,-4,EDT,1842096600,1842120000
2028-05-17,Wed,normal,,-4,EDT,1842183000,1842206400
2028-05-18,Thu,normal,,-4,EDT,1842269400,1842292800
2028-05-19,Fri,normal,,-4,EDT,1842355800,1842379200
2028-05-20,Sat,weekend,,-4,EDT,,
2028-05-21,Sun,weekend,,-4,EDT,,
2028-05-22,Mon,normal,,-4,EDT,1842615000,1842638400
2028-05-23,Tue,normal,,-4,EDT,1842701400,1842724800
2028-05-24,Wed,normal,,-4,EDT,1842787800,1842811200
2028-05-25,Thu,normal,,-4,EDT,1842874200,1842897600
2028-05-26,Fri,normal,,-4,EDT,1842960600,1842984000
2028-05-27,Sat,weekend,,-4,EDT,,
2028-05-28,Sun,weekend,,-4,EDT,,
2028-05-29,Mon,holiday,Memorial Day,-4,EDT,,
2028-05-30,Tue,normal,,-4,EDT,1843306200,1843329600
2028-05-31,Wed,normal,,-4,EDT,1843392600,1843416000
2028-06-01,Thu,normal,,-4,EDT,1843479000,1843502400
2028-06-02,Fri,normal,,-4,EDT,1843565400,1843588800
2028-06-03,Sat,weekend,,-4,EDT,,
2028-06-04,Sun,weekend,,-4,EDT,,
2028-06-05,Mon,normal,,-4,EDT,1843824600,1843848000
2028-06-06,Tue,normal,,-4,EDT,1843911000,1843934400
2028-06-07,Wed,normal,,-4,EDT,1843997400,1844020800
2028-06-08,Thu,normal,,-4,EDT,1844083800,1844107200
2028-06-09,Fri,normal,,-4,EDT,1844170200,1844193600
2028-06-10,Sat,weekend,,-4,EDT,,
2028-06-11,Sun,weekend,,-4,EDT,,
2028-06-12,Mon,normal,,-4,EDT,1844429400,1844452800
2028-06-13,Tue,normal,,-4,EDT,1844515800,1844539200
2028-06-14,Wed,normal,,-4,EDT,1844602200,1844625600
2028-06-15,Thu,normal,,-4,EDT,1844688600,1844712000
2028-06-16,Fri,normal,,-4,EDT,1844775000,1844798400
2028-06-17,Sat,weekend,,-4,EDT,,
2028-06-18,Sun,weekend,,-4,EDT,,
2028-06-19,Mon,holiday,Juneteenth National Independence Day,-4,EDT,,
2028-06-20,Tue,normal,,-4,EDT,1845120600,1845144000
2028-06-21,Wed,normal,,-4,EDT,1845207000,1845230400
2028-06-22,Thu,normal,,-4,EDT,1845293400,1845316800
2028-06-23,Fri,normal,,-4,EDT,1845379800,1845403200
2028-06-24,Sat,weekend,,-4,EDT,,
2028-06-25,Sun,weekend,,-4,EDT,,
2028-06-26,Mon,normal,,-4,EDT,1845639000,1845662400
2028-06-27,Tue,normal,,-4,EDT,1845725400,1845748800
2028-06-28,Wed,normal,,-4,EDT,1845811800,1845835200
2028-06-29,Thu,normal,,-4,EDT,1845898200,1845921600
2028-06-30,Fri,normal,,-4,EDT,1845984600,1846008000
2028-07-01,Sat,weekend,,-4,EDT,,
2028-07-02,Sun,weekend,,-4,EDT,,
2028-07-03,Mon,early_close,Day before Independence Day,-4,EDT,1846243800,1846256400
2028-07-04,Tue,holiday,Independence Day,-4,EDT,,
2028-07-05,Wed,normal,,-4,EDT,1846416600,1846440000
2028-07-06,Thu,normal,,-4,EDT,1846503000,1846526400
2028-07-07,Fri,normal,,-4,EDT,1846589400,1846612800
2028-07-08,Sat,weekend,,-4,EDT,,
2028-07-09,Sun,weekend,,-4,EDT,,
2028-07-10,Mon,normal,,-4,EDT,1846848600,1846872000
2028-07-11,Tue,normal,,-4,EDT,1846935000,1846958400
2028-07-12,Wed,normal,,-4,EDT,1847021400,1847044800
2028-07-13,Thu,normal,,-4,EDT,1847107800,1847131200
2028-07-14,Fri,normal,,-4,EDT,1847194200,1847217600
2028-07-15,Sat,weekend,,-4,EDT,,
2028-07-16,Sun,weekend,,-4,EDT,,
2028-07-17,Mon,normal,,-4,EDT,1847453400,1847476800
2028-07-18,Tue,normal,,-4,EDT,1847539800,1847563200
2028-07-19,Wed,normal,,-4,EDT,1847626200,1847649600
2028-07-20,Thu,normal,,-4,EDT,1847712600,1847736000
2028-07-21,Fri,normal,,-4,EDT,1847799000,1847822400
2028-07-22,Sat,weekend,,-4,EDT,,
2028-07-23,Sun,weekend,,-4,EDT,,
2028-07-24,Mon,normal,,-4,EDT,1848058200,1848081600
2028-07-25,Tue,normal,,-4,EDT,1848144600,1848168000
2028-07-26,Wed,normal,,-4,EDT,1848231000,1848254400
2028-07-27,Thu,normal,,-4,EDT,1848317400,1848340800
2028-07-28,Fri,normal,,-4,EDT,1848403800,1848427200
2028-07-29,Sat,weekend,,-4,EDT,,
2028-07-30,Sun,weekend,,-4,EDT,,
2028-07-31,Mon,normal,,-4,EDT,1848663000,1848686400
2028-08-01,Tue,normal,,-4,EDT,1848749400,1848772800
2028-08-02,Wed,normal,,-4,EDT,1848835800,1848859200
2028-08-03,Thu,normal,,-4,EDT,1848922200,1848945600
2028-08-04,Fri,normal,,-4,EDT,1849008600,1849032000
2028-08-05,Sat,weekend,,-4,EDT,,
2028-08-06,Sun,weekend,,-4,EDT,,
2028-08-07,Mon,normal,,-4,EDT,1849267800,1849291200
2028-08-08,Tue,normal,,-4,EDT,1849354200,1849377600
2028-08-09,Wed,normal,,-4,EDT,1849440600,1849464000
2028-08-10,Thu,normal,,-4,EDT,1849527000,1849550400
2028-08-11,Fri,normal,,-4,EDT,1849613400,1849636800
2028-08-12,Sat,weekend,,-4,EDT,,
2028-08-13,Sun,weekend,,-4,EDT,,
2028-08-14,Mon,normal,,-4,EDT,1849872600,1849896000
2028-08-15,Tue,normal,,-4,EDT,1849959000,1849982400
2028-08-16,Wed,normal,,-4,EDT,1850045400,1850068800
2028-08-17,Thu,normal,,-4,EDT,1850131800,1850155200
2028-08-18,Fri,normal,,-4,EDT,1850218200,1850241600
2028-08-19,Sat,weekend,,-4,EDT,,
2028-08-20,Sun,weekend,,-4,EDT,,
2028-08-21,Mon,normal,,-4,EDT,1850477400,1850500800
2028-08-22,Tue,normal,,-4,EDT,1850563800,1850587200
2028-08-23,Wed,normal,,-4,EDT,1850650200,1850673600
2028-08-24,Thu,normal,,-4,EDT,1850736600,1850760000
2028-08-25,Fri,normal,,-4,EDT,1850823000,1850846400
2028-08-26,Sat,weekend,,-4,EDT,,
2028-08-27,Sun,weekend,,-4,EDT,,
2028-08-28,Mon,normal,,-4,EDT,1851082200,1851105600
2028-08-29,Tue,normal,,-4,EDT,1851168600,1851192000
2028-08-30,Wed,normal,,-4,EDT,1851255000,1851278400
2028-08-31,Thu,normal,,-4,EDT,1851341400,1851364800
2028-09-01,Fri,normal,,-4,EDT,1851427800,1851451200
2028-09-02,Sat,weekend,,-4,EDT,,
2028-09-03,Sun,weekend,,-4,EDT,,
2028-09-04,Mon,holiday,Labor Day,-4,EDT,,
2028-09-05,Tue,normal,,-4,EDT,1851773400,1851796800
2028-09-06,Wed,normal,,-4,EDT,1851859800,1851883200
2028-09-07,Thu,normal,,-4,EDT,1851946200,1851969600
2028-09-08,Fri,normal,,-4,EDT,1852032600,1852056000
2028-09-09,Sat,weekend,,-4,EDT,,
2028-09-10,Sun,weekend,,-4,EDT,,
2028-09-11,Mon,normal,,-4,EDT,1852291800,1852315200
2028-09-12,Tue,normal,,-4,EDT,1852378200,1852401600
2028-09-13,Wed,normal,,-4,EDT,1852464600,1852488000
2028-09-14,Thu,normal,,-4,EDT,1852551000,1852574400
2028-09-15,Fri,normal,,-4,EDT,1852637400,1852660800
2028-09-16,Sat,weekend,,-4,EDT,,
2028-09-17,Sun,weekend,,-4,EDT,,
2028-09-18,Mon,normal,,-4,EDT,1852896600,1852920000
2028-09-19,Tue,normal,,-4,EDT,1852983000,1853006400
2028-09-20,Wed,normal,,-4,EDT,1853069400,1853092800
2028-09-21,Thu,normal,,-4,EDT,1853155800,1853179200
2028-09-22,Fri,normal,,-4,EDT,1853242200,1853265600
2028-09-23,Sat,weekend,,-4,EDT,,
2028-09-24,Sun,weekend,,-4,EDT,,
2028-09-25,Mon,normal,,-4,EDT,1853501400,1853524800
2028-09-26,Tue,normal,,-4,EDT,1853587800,1853611200
2028-09-27,Wed,normal,,-4,EDT,1853674200,1853697600
2028-09-28,Thu,normal,,-4,EDT,1853760600,1853784000
2028-09-29,Fri,normal,,-4,EDT,1853847000,1853870400
2028-09-30,Sat,weekend,,-4,EDT,,
2028-10-01,Sun,weekend,,-4,EDT,,
2028-10-02,Mon,normal,,-4,EDT,1854106200,1854129600
2028-10-03,Tue,normal,,-4,EDT,1854192600,1854216000
2028-10-04,Wed,normal,,-4,EDT,1854279000,1854302400
2028-10-05,Thu,normal,,-4,EDT,1854365400,1854388800
2028-10-06,Fri,normal,,-4,EDT,1854451800,1854475200
2028-10-07,Sat,weekend,,-4,EDT,,
2028-10-08,Sun,weekend,,-4,EDT,,
2028-10-09,Mon,normal,,-4,EDT,1854711000,1854734400
2028-10-10,Tue,normal,,-4,EDT,1854797400,1854820800
2028-10-11,Wed,normal,,-4,EDT,1854883800,1854907200
2028-10-12,Thu,normal,,-4,EDT,1854970200,1854993600
2028-10-13,Fri,normal,,-4,EDT,1855056600,1855080000
2028-10-14,Sat,weekend,,-4,EDT,,
2028-10-15,Sun,weekend,,-4,EDT,,
2028-10-16,Mon,normal,,-4,EDT,1855315800,1855339200
2028-10-17,Tue,normal,,-4,EDT,1855402200,1855425600
2028-10-18,Wed,normal,,-4,EDT,1855488600,1855512000
2028-10-19,Thu,normal,,-4,EDT,1855575000,1855598400
2028-10-20,Fri,normal,,-4,EDT,1855661400,1855684800
2028-10-21,Sat,weekend,,-4,EDT,,
2028-10-22,Sun,weekend,,-4,EDT,,
2028-10-23,Mon,normal,,-4,EDT,1855920600,1855944000
2028-10-24,Tue,normal,,-4,EDT,1856007000,1856030400
2028-10-25,Wed,normal,,-4,EDT,1856093400,1856116800
2028-10-26,Thu,normal,,-4,EDT,1856179800,1856203200
2028-10-27,Fri,normal,,-4,EDT,1856266200,1856289600
2028-10-28,Sat,weekend,,-4,EDT,,
2028-10-29,Sun,weekend,,-4,EDT,,
2028-10-30,Mon,normal,,-4,EDT,1856525400,1856548800
2028-10-31,Tue,normal,,-4,EDT,1856611800,1856635200
2028-11-01,Wed,normal,,-4,EDT,1856698200,1856721600
2028-11-02,Thu,normal,,-4,EDT,1856784600,1856808000
2028-11-03,Fri,normal,,-4,EDT,1856871000,1856894400
2028-11-04,Sat,weekend,,-4,EDT,,
2028-11-05,Sun,weekend,,-5,EST,,
2028-11-06,Mon,normal,,-5,EST,1857133800,1857157200
2028-11-07,Tue,normal,,-5,EST,1857220200,1857243600
2028-11-08,Wed,normal,,-5,EST,1857306600,1857330000
2028-11-09,Thu,normal,,-5,EST,1857393000,1857416400
2028-11-10,Fri,normal,,-5,EST,1857479400,1857502800
2028-11-11,Sat,weekend,,-5,EST,,
2028-11-12,Sun,weekend,,-5,EST,,
2028-11-13,Mon,normal,,-5,EST,1857738600,1857762000
2028-11-14,Tue,normal,,-5,EST,1857825000,1857848400
2028-11-15,Wed,normal,,-5,EST,1857911400,1857934800
2028-11-16,Thu,normal,,-5,EST,1857997800,1858021200
2028-11-17,Fri,normal,,-5,EST,1858084200,1858107600
2028-11-18,Sat,weekend,,-5,EST,,
2028-11-19,Sun,weekend,,-5,EST,,
2028-11-20,Mon,normal,,-5,EST,1858343400,1858366800
2028-11-21,Tue,normal,,-5,EST,1858429800,1858453200
2028-11-22,Wed,normal,,-5,EST,1858516200,1858539600
2028-11-23,Thu,holiday,Thanksgiving Day,-5,EST,,
2028-11-24,Fri,early_close,Day after Thanksgiving,-5,EST,1858689000,1858701600
2028-11-25,Sat,weekend,,-5,EST,,
2028-11-26,Sun,weekend,,-5,EST,,
2028-11-27,Mon,normal,,-5,EST,1858948200,1858971600
2028-11-28,Tue,normal,,-5,EST,1859034600,1859058000
2028-11-29,Wed,normal,,-5,EST,1859121000,1859144400
2028-11-30,Thu,normal,,-5,EST,1859207400,1859230800
2028-12-01,Fri,normal,,-5,EST,1859293800,1859317200
2028-12-02,Sat,weekend,,-5,EST,,
2028-12-03,Sun,weekend,,-5,EST,,
2028-12-04,Mon,normal,,-5,EST,1859553000,1859576400
2028-12-05,Tue,normal,,-5,EST,1859639400,1859662800
2028-12-06,Wed,normal,,-5,EST,1859725800,1859749200
2028-12-07,Thu,normal,,-5,EST,1859812200,1859835600
2028-12-08,Fri,normal,,-5,EST,1859898600,1859922000
2028-12-09,Sat,weekend,,-5,EST,,
2028-12-10,Sun,weekend,,-5,EST,,
2028-12-11,Mon,normal,,-5,EST,1860157800,1860181200
2028-12-12,Tue,normal,,-5,EST,1860244200,1860267600
2028-12-13,Wed,normal,,-5,EST,1860330600,1860354000
2028-12-14,Thu,normal,,-5,EST,1860417000,1860440400
2028-12-15,Fri,normal,,-5,EST,1860503400,1860526800
2028-12-16,Sat,weekend,,-5,EST,,
2028-12-17,Sun,weekend,,-5,EST,,
2028-12-18,Mon,normal,,-5,EST,1860762600,1860786000
2028-12-19,Tue,normal,,-5,EST,1860849000,1860872400
2028-12-20,Wed,normal,,-5,EST,1860935400,1860958800
2028-12-21,Thu,normal,,-5,EST,1861021800,1861045200
2028-12-22,Fri,normal,,-5,EST,1861108200,1861131600
2028-12-23,Sat,weekend,,-5,EST,,
2028-12-24,Sun,weekend,,-5,EST,,
2028-12-25,Mon,holiday,Christmas Day,-5,EST,,
2028-12-26,Tue,normal,,-5,EST,1861453800,1861477200
2028-12-27,Wed,normal,,-5,EST,1861540200,1861563600
2028-12-28,Thu,normal,,-5,EST,1861626600,1861650000
2028-12-29,Fri,normal,,-5,EST,1861713000,1861736400
2028-12-30,Sat,weekend,,-5,EST,,
2028-12-31,Sun,weekend,,-5,EST,,
2029-01-01,Mon,holiday,New Year's Day,-5,EST,,
2029-01-02,Tue,normal,,-5,EST,1862058600,1862082000
2029-01-03,Wed,normal,,-5,EST,1862145000,1862168400
2029-01-04,Thu,normal,,-5,EST,1862231400,1862254800
2029-01-05,Fri,normal,,-5,EST,1862317800,1862341200
2029-01-06,Sat,weekend,,-5,EST,,
2029-01-07,Sun,weekend,,-5,EST,,
2029-01-08,Mon,normal,,-5,EST,1862577000,1862600400
2029-01-09,Tue,normal,,-5,EST,1862663400,1862686800
2029-01-10,Wed,normal,,-5,EST,1862749800,1862773200
2029-01-11,Thu,normal,,-5,EST,1862836200,1862859600
2029-01-12,Fri,normal,,-5,EST,1862922600,1862946000
2029-01-13,Sat,weekend,,-5,EST,,
2029-01-14,Sun,weekend,,-5,EST,,
2029-01-15,Mon,holiday,Martin Luther King Jr. Day,-5,EST,,
2029-01-16,Tue,normal,,-5,EST,1863268200,1863291600
2029-01-17,Wed,normal,,-5,EST,1863354600,1863378000
2029-01-18,Thu,normal,,-5,EST,1863441000,1863464400
2029-01-19,Fri,normal,,-5,EST,1863527400,1863550800
2029-01-20,Sat,weekend,,-5,EST,,
2029-01-21,Sun,weekend,,-5,EST,,
2029-01-22,Mon,normal,,-5,EST,1863786600,1863810000
2029-01-23,Tue,normal,,-5,EST,1863873000,1863896400
2029-01-24,Wed,normal,,-5,EST,1863959400,1863982800
2029-01-25,Thu,normal,,-5,EST,1864045800,1864069200
2029-01-26,Fri,normal,,-5,EST,1864132200,1864155600
2029-01-27,Sat,weekend,,-5,EST,,
2029-01-28,Sun,weekend,,-5,EST,,
2029-01-29,Mon,normal,,-5,EST,1864391400,1864414800
2029-01-30,Tue,normal,,-5,EST,1864477800,1864501200
2029-01-31,Wed,normal,,-5,EST,1864564200,1864587600
2029-02-01,Thu,normal,,-5,EST,1864650600,1864674000
2029-02-02,Fri,normal,,-5,EST,1864737000,1864760400
2029-02-03,Sat,weekend,,-5,EST,,
2029-02-04,Sun,weekend,,-5,EST,,
2029-02-05,Mon,normal,,-5,EST,1864996200,1865019600
2029-02-06,Tue,normal,,-5,EST,1865082600,1865106000
2029-02-07,Wed,normal,,-5,EST,1865169000,1865192400
2029-02-08,Thu,normal,,-5,EST,1865255400,1865278800
2029-02-09,Fri,normal,,-5,EST,1865341800,1865365200
2029-02-10,Sat,weekend,,-5,EST,,
2029-02-11,Sun,weekend,,-5,EST,,
2029-02-12,Mon,normal,,-5,EST,1865601000,1865624400
2029-02-13,Tue,normal,,-5,EST,1865687400,1865710800
2029-02-14,Wed,normal,,-5,EST,1865773800,1865797200
2029-02-15,Thu,normal,,-5,EST,1865860200,1865883600
2029-02-16,Fri,normal,,-5,EST,1865946600,1865970000
2029-02-17,Sat,weekend,,-5,EST,,
2029-02-18,Sun,weekend,,-5,EST,,
2029-02-19,Mon,holiday,Washington's Birthday,-5,EST,,
2029-02-20,Tue,normal,,-5,EST,1866292200,1866315600
2029-02-21,Wed,normal,,-5,EST,1866378600,1866402000
2029-02-22,Thu,normal,,-5,EST,1866465000,1866488400
2029-02-23,Fri,normal,,-5,EST,1866551400,1866574800
2029-02-24,Sat,weekend,,-5,EST,,
2029-02-25,Sun,weekend,,-5,EST,,
2029-02-26,Mon,normal,,-5,EST,1866810600,1866834000
2029-02-27,Tue,normal,,-5,EST,1866897000,1866920400
2029-02-28,Wed,normal,,-5,EST,1866983400,1867006800
2029-03-01,Thu,normal,,-5,EST,1867069800,1867093200
2029-03-02,Fri,normal,,-5,EST,1867156200,1867179600
2029-03-03,Sat,weekend,,-5,EST,,
2029-03-04,Sun,weekend,,-5,EST,,
2029-03-05,Mon,normal,,-5,EST,1867415400,1867438800
2029-03-06,Tue,normal,,-5,EST,1867501800,1867525200
2029-03-07,Wed,normal,,-5,EST,1867588200,1867611600
2029-03-08,Thu,normal,,-5,EST,1867674600,1867698000
2029-03-09,Fri,normal,,-5,EST,1867761000,1867784400
2029-03-10,Sat,weekend,,-5,EST,,
2029-03-11,Sun,weekend,,-4,EDT,,
2029-03-12,Mon,normal,,-4,EDT,1868016600,1868040000
2029-03-13,Tue,normal,,-4,EDT,1868103000,1868126400
2029-03-14,Wed,normal,,-4,EDT,1868189400,1868212800
2029-03-15,Thu,normal,,-4,EDT,1868275800,1868299200
2029-03-16,Fri,normal,,-4,EDT,1868362200,1868385600
2029-03-17,Sat,weekend,,-4,EDT,,
2029-03-18,Sun,weekend,,-4,EDT,,
2029-03-19,Mon,normal,,-4,EDT,1868621400,1868644800
2029-03-20,Tue,normal,,-4,EDT,1868707800,1868731200
2029-03-21,Wed,normal,,-4,EDT,1868794200,1868817600
2029-03-22,Thu,normal,,-4,EDT,1868880600,1868904000
2029-03-23,Fri,normal,,-4,EDT,1868967000,1868990400
2029-03-24,Sat,weekend,,-4,EDT,,
2029-03-25,Sun,weekend,,-4,EDT,,
2029-03-26,Mon,normal,,-4,EDT,1869226200,1869249600
2029-03-27,Tue,normal,,-4,EDT,1869312600,1869336000
2029-03-28,Wed,normal,,-4,EDT,1869399000,1869422400
2029-03-29,Thu,normal,,-4,EDT,1869485400,1869508800
2029-03-30,Fri,holiday,Good Friday,-4,EDT,,
2029-03-31,Sat,weekend,,-4,EDT,,
2029-04-01,Sun,weekend,,-4,EDT,,
2029-04-02,Mon,normal,,-4,EDT,1869831000,1869854400
2029-04-03,Tue,normal,,-4,EDT,1869917400,1869940800
2029-04-04,Wed,normal,,-4,EDT,1870003800,1870027200
2029-04-05,Thu,normal,,-4,EDT,1870090200,1870113600
2029-04-06,Fri,normal,,-4,EDT,1870176600,1870200000
2029-04-07,Sat,weekend,,-4,EDT,,
2029-04-08,Sun,weekend,,-4,EDT,,
2029-04-09,Mon,normal,,-4,EDT,1870435800,1870459200
2029-04-10,Tue,normal,,-4,EDT,1870522200,1870545600
2029-04-11,Wed,normal,,-4,EDT,1870608600,1870632000
2029-04-12,Thu,normal,,-4,EDT,1870695000,1870718400
2029-04-13,Fri,normal,,-4,EDT,1870781400,1870804800
2029-04-14,Sat,weekend,,-4,EDT,,
2029-04-15,Sun,weekend,,-4,EDT,,
2029-04-16,Mon,normal,,-4,EDT,1871040600,1871064000
2029-04-17,Tue,normal,,-4,EDT,1871127000,1871150400
2029-04-18,Wed,normal,,-4,EDT,1871213400,1871236800
2029-04-19,Thu,normal,,-4,EDT,1871299800,1871323200
2029-04-20,Fri,normal,,-4,EDT,1871386200,1871409600
2029-04-21,Sat,weekend,,-4,EDT,,
2029-04-22,Sun,weekend,,-4,EDT,,
2029-04-23,Mon,normal,,-4,EDT,1871645400,1871668800
2029-04-24,Tue,normal,,-4,EDT,1871731800,1871755200
2029-04-25,Wed,normal,,-4,EDT,1871818200,1871841600
2029-04-26,Thu,normal,,-4,EDT,1871904600,1871928000
2029-04-27,Fri,normal,,-4,EDT,1871991000,1872014400
2029-04-28,Sat,weekend,,-4,EDT,,
2029-04-29,Sun,weekend,,-4,EDT,,
2029-04-30,Mon,normal,,-4,EDT,1872250200,1872273600
2029-05-01,Tue,normal,,-4,EDT,1872336600,1872360000
2029-05-02,Wed,normal,,-4,EDT,1872423000,1872446400
2029-05-03,Thu,normal,,-4,EDT,1872509400,1872532800
2029-05-04,Fri,normal,,-4,EDT,1872595800,1872619200
2029-05-05,Sat,weekend,,-4,EDT,,
2029-05-06,Sun,weekend,,-4,EDT,,
2029-05-07,Mon,normal,,-4,EDT,1872855000,1872878400
2029-05-08,Tue,normal,,-4,EDT,1872941400,1872964800
2029-05-09,Wed,normal,,-4,EDT,1873027800,1873051200
2029-05-10,Thu,normal,,-4,EDT,1873114200,1873137600
2029-05-11,Fri,normal,,-4,EDT,1873200600,1873224000
2029-05-12,Sat,weekend,,-4,EDT,,
2029-05-13,Sun,weekend,,-4,EDT,,
2029-05-14,Mon,normal,,-4,EDT,1873459800,1873483200
2029-05-15,Tue,normal,,-4,EDT,1873546200,1873569600
2029-05-16,Wed,normal,,-4,EDT,1873632600,1873656000
2029-05-17,Thu,normal,,-4,EDT,1873719000,1873742400
2029-05-18,Fri,normal,,-4,EDT,1873805400,1873828800
2029-05-19,Sat,weekend,,-4,EDT,,
2029-05-20,Sun,weekend,,-4,EDT,,
2029-05-21,Mon,normal,,-4,EDT,1874064600,1874088000
2029-05-22,Tue,normal,,-4,EDT,1874151000,1874174400
2029-05-23,Wed,normal,,-4,EDT,1874237400,1874260800
2029-05-24,Thu,normal,,-4,EDT,1874323800,1874347200
2029-05-25,Fri,normal,,-4,EDT,1874410200,1874433600
2029-05-26,Sat,weekend,,-4,EDT,,
2029-05-27,Sun,weekend,,-4,EDT,,
2029-05-28,Mon,holiday,Memorial Day,-4,EDT,,
2029-05-29,Tue,normal,,-4,EDT,1874755800,1874779200
2029-05-30,Wed,normal,,-4,EDT,1874842200,1874865600
2029-05-31,Thu,normal,,-4,EDT,1874928600,1874952000
2029-06-01,Fri,normal,,-4,EDT,1875015000,1875038400
2029-06-02,Sat,weekend,,-4,EDT,,
2029-06-03,Sun,weekend,,-4,EDT,,
2029-06-04,Mon,normal,,-4,EDT,1875274200,1875297600
2029-06-05,Tue,normal,,-4,EDT,1875360600,1875384000
2029-06-06,Wed,normal,,-4,EDT,1875447000,1875470400
2029-06-07,Thu,normal,,-4,EDT,1875533400,1875556800
2029-06-08,Fri,normal,,-4,EDT,1875619800,1875643200
2029-06-09,Sat,weekend,,-4,EDT,,
2029-06-10,Sun,weekend,,-4,EDT,,
2029-06-11,Mon,normal,,-4,EDT,1875879000,1875902400
2029-06-12,Tue,normal,,-4,EDT,1875965400,1875988800
2029-06-13,Wed,normal,,-4,EDT,1876051800,1876075200
2029-06-14,Thu,normal,,-4,EDT,1876138200,1876161600
2029-06-15,Fri,normal,,-4,EDT,1876224600,1876248000
2029-06-16,Sat,weekend,,-4,EDT,,
2029-06-17,Sun,weekend,,-4,EDT,,
2029-06-18,Mon,normal,,-4,EDT,1876483800,1876507200
2029-06-19,Tue,holiday,Juneteenth National Independence Day,-4,EDT,,
2029-06-20,Wed,normal,,-4,EDT,1876656600,1876680000
2029-06-21,Thu,normal,,-4,EDT,1876743000,1876766400
2029-06-22,Fri,normal,,-4,EDT,1876829400,1876852800
2029-06-23,Sat,weekend,,-4,EDT,,
2029-06-24,Sun,weekend,,-4,EDT,,
2029-06-25,Mon,normal,,-4,EDT,1877088600,1877112000
2029-06-26,Tue,normal,,-4,EDT,1877175000,1877198400
2029-06-27,Wed,normal,,-4,EDT,1877261400,1877284800
2029-06-28,Thu,normal,,-4,EDT,1877347800,1877371200
2029-06-29,Fri,normal,,-4,EDT,1877434200,1877457600
2029-06-30,Sat,weekend,,-4,EDT,,
2029-07-01,Sun,weekend,,-4,EDT,,
2029-07-02,Mon,normal,,-4,EDT,1877693400,1877716800
2029-07-03,Tue,early_close,Day before Independence Day,-4,EDT,1877779800,1877792400
2029-07-04,Wed,holiday,Independence Day,-4,EDT,,
2029-07-05,Thu,normal,,-4,EDT,1877952600,1877976000
2029-07-06,Fri,normal,,-4,EDT,1878039000,1878062400
2029-07-07,Sat,weekend,,-4,EDT,,
2029-07-08,Sun,weekend,,-4,EDT,,
2029-07-09,Mon,normal,,-4,EDT,1878298200,1878321600
2029-07-10,Tue,normal,,-4,EDT,1878384600,1878408000
2029-07-11,Wed,normal,,-4,EDT,1878471000,1878494400
2029-07-12,Thu,normal,,-4,EDT,1878557400,1878580800
2029-07-13,Fri,normal,,-4,EDT,1878643800,1878667200
2029-07-14,Sat,weekend,,-4,EDT,,
2029-07-15,Sun,weekend,,-4,EDT,,
2029-07-16,Mon,normal,,-4,EDT,1878903000,1878926400
2029-07-17,Tue,normal,,-4,EDT,1878989400,1879012800
2029-07-18,Wed,normal,,-4,EDT,1879075800,1879099200
2029-07-19,Thu,normal,,-4,EDT,1879162200,1879185600
2029-07-20,Fri,normal,,-4,EDT,1879248600,1879272000
2029-07-21,Sat,weekend,,-4,EDT,,
2029-07-22,Sun,weekend,,-4,EDT,,
2029-07-23,Mon,normal,,-4,EDT,1879507800,1879531200
2029-07-24,Tue,normal,,-4,EDT,1879594200,1879617600
2029-07-25,Wed,normal,,-4,EDT,1879680600,1879704000
2029-07-26,Thu,normal,,-4,EDT,1879767000,1879790400
2029-07-27,Fri,normal,,-4,EDT,1879853400,1879876800
2029-07-28,Sat,weekend,,-4,EDT,,
2029-07-29,Sun,weekend,,-4,EDT,,
2029-07-30,Mon,normal,,-4,EDT,1880112600,1880136000
2029-07-31,Tue,normal,,-4,EDT,1880199000,1880222400
2029-08-01,Wed,normal,,-4,EDT,1880285400,1880308800
2029-08-02,Thu,normal,,-4,EDT,1880371800,1880395200
2029-08-03,Fri,normal,,-4,EDT,1880458200,1880481600
2029-08-04,Sat,weekend,,-4,EDT,,
2029-08-05,Sun,weekend,,-4,EDT,,
2029-08-06,Mon,normal,,-4,EDT,1880717400,1880740800
2029-08-07,Tue,normal,,-4,EDT,1880803800,1880827200
2029-08-08,Wed,normal,,-4,EDT,1880890200,1880913600
2029-08-09,Thu,normal,,-4,EDT,1880976600,1881000000
2029-08-10,Fri,normal,,-4,EDT,1881063000,1881086400
2029-08-11,Sat,weekend,,-4,EDT,,
2029-08-12,Sun,weekend,,-4,EDT,,
2029-08-13,Mon,normal,,-4,EDT,1881322200,1881345600
2029-08-14,Tue,normal,,-4,EDT,1881408600,1881432000
2029-08-15,Wed,normal,,-4,EDT,1881495000,1881518400
2029-08-16,Thu,normal,,-4,EDT,1881581400,1881604800
2029-08-17,Fri,normal,,-4,EDT,1881667800,1881691200
2029-08-18,Sat,weekend,,-4,EDT,,
2029-08-19,Sun,weekend,,-4,EDT,,
2029-08-20,Mon,normal,,-4,EDT,1881927000,1881950400
2029-08-21,Tue,normal,,-4,EDT,1882013400,1882036800
2029-08-22,Wed,normal,,-4,EDT,1882099800,1882123200
2029-08-23,Thu,normal,,-4,EDT,1882186200,1882209600
2029-08-24,Fri,normal,,-4,EDT,1882272600,1882296000
2029-08-25,Sat,weekend,,-4,EDT,,
2029-08-26,Sun,weekend,,-4,EDT,,
2029-08-27,Mon,normal,,-4,EDT,1882531800,1882555200
2029-08-28,Tue,normal,,-4,EDT,1882618200,1882641600
2029-08-29,Wed,normal,,-4,EDT,1882704600,1882728000
2029-08-30,Thu,normal,,-4,EDT,1882791000,1882814400
2029-08-31,Fri,normal,,-4,EDT,1882877400,1882900800
2029-09-01,Sat,weekend,,-4,EDT,,
2029-09-02,Sun,weekend,,-4,EDT,,
2029-09-03,Mon,holiday,Labor Day,-4,EDT,,
2029-09-04,Tue,normal,,-4,EDT,1883223000,1883246400
2029-09-05,Wed,normal,,-4,EDT,1883309400,1883332800
2029-09-06,Thu,normal,,-4,EDT,1883395800,1883419200
2029-09-07,Fri,normal,,-4,EDT,1883482200,1883505600
2029-09-08,Sat,weekend,,-4,EDT,,
2029-09-09,Sun,weekend,,-4,EDT,,
2029-09-10,Mon,normal,,-4,EDT,1883741400,1883764800
2029-09-11,Tue,normal,,-4,EDT,1883827800,1883851200
2029-09-12,Wed,normal,,-4,EDT,1883914200,1883937600
2029-09-13,Thu,normal,,-4,EDT,1884000600,1884024000
2029-09-14,Fri,normal,,-4,EDT,1884087000,1884110400
2029-09-15,Sat,weekend,,-4,EDT,,
2029-09-16,Sun,weekend,,-4,EDT,,
2029-09-17,Mon,normal,,-4,EDT,1884346200,1884369600
2029-09-18,Tue,normal,,-4,EDT,1884432600,1884456000
2029-09-19,Wed,normal,,-4,EDT,1884519000,1884542400
2029-09-20,Thu,normal,,-4,EDT,1884605400,1884628800
2029-09-21,Fri,normal,,-4,EDT,1884691800,1884715200
2029-09-22,Sat,weekend,,-4,EDT,,
2029-09-23,Sun,weekend,,-4,EDT,,
2029-09-24,Mon,normal,,-4,EDT,1884951000,1884974400
2029-09-25,Tue,normal,,-4,EDT,1885037400,1885060800
2029-09-26,Wed,normal,,-4,EDT,1885123800,1885147200
2029-09-27,Thu,normal,,-4,EDT,1885210200,1885233600
2029-09-28,Fri,normal,,-4,EDT,1885296600,1885320000
2029-09-29,Sat,weekend,,-4,EDT,,
2029-09-30,Sun,weekend,,-4,EDT,,
2029-10-01,Mon,normal,,-4,EDT,1885555800,1885579200
2029-10-02,Tue,normal,,-4,EDT,1885642200,1885665600
2029-10-03,Wed,normal,,-4,EDT,1885728600,1885752000
2029-10-04,Thu,normal,,-4,EDT,1885815000,1885838400
2029-10-05,Fri,normal,,-4,EDT,1885901400,1885924800
2029-10-06,Sat,weekend,,-4,EDT,,
2029-10-07,Sun,weekend,,-4,EDT,,
2029-10-08,Mon,normal,,-4,EDT,1886160600,1886184000
2029-10-09,Tue,normal,,-4,EDT,1886247000,1886270400
2029-10-10,Wed,normal,,-4,EDT,1886333400,1886356800
2029-10-11,Thu,normal,,-4,EDT,1886419800,1886443200
2029-10-12,Fri,normal,,-4,EDT,1886506200,1886529600
2029-10-13,Sat,weekend,,-4,EDT,,
2029-10-14,Sun,weekend,,-4,EDT,,
2029-10-15,Mon,normal,,-4,EDT,1886765400,1886788800
2029-10-16,Tue,normal,,-4,EDT,1886851800,1886875200
2029-10-17,Wed,normal,,-4,EDT,1886938200,1886961600
2029-10-18,Thu,normal,,-4,EDT,1887024600,1887048000
2029-10-19,Fri,normal,,-4,EDT,1887111000,1887134400
2029-10-20,Sat,weekend,,-4,EDT,,
2029-10-21,Sun,weekend,,-4,EDT,,
2029-10-22,Mon,normal,,-4,EDT,1887370200,1887393600
2029-10-23,Tue,normal,,-4,EDT,1887456600,1887480000
2029-10-24,Wed,normal,,-4,EDT,1887543000,1887566400
2029-10-25,Thu,normal,,-4,EDT,1887629400,1887652800
2029-10-26,Fri,normal,,-4,EDT,1887715800,1887739200
2029-10-27,Sat,weekend,,-4,EDT,,
2029-10-28,Sun,weekend,,-4,EDT,,
2029-10-29,Mon,normal,,-4,EDT,1887975000,1887998400
2029-10-30,Tue,normal,,-4,EDT,1888061400,1888084800
2029-10-31,Wed,normal,,-4,EDT,1888147800,1888171200
2029-11-01,Thu,normal,,-4,EDT,1888234200,1888257600
2029-11-02,Fri,normal,,-4,EDT,1888320600,1888344000
2029-11-03,Sat,weekend,,-4,EDT,,
2029-11-04,Sun,weekend,,-5,EST,,
2029-11-05,Mon,normal,,-5,EST,1888583400,1888606800
2029-11-06,Tue,normal,,-5,EST,1888669800,1888693200
2029-11-07,Wed,normal,,-5,EST,1888756200,1888779600
2029-11-08,Thu,normal,,-5,EST,1888842600,1888866000
2029-11-09,Fri,normal,,-5,EST,1888929000,1888952400
2029-11-10,Sat,weekend,,-5,EST,,
2029-11-11,Sun,weekend,,-5,EST,,
2029-11-12,Mon,normal,,-5,EST,1889188200,1889211600
2029-11-13,Tue,normal,,-5,EST,1889274600,1889298000
2029-11-14,Wed,normal,,-5,EST,1889361000,1889384400
2029-11-15,Thu,normal,,-5,EST,1889447400,1889470800
2029-11-16,Fri,normal,,-5,EST,1889533800,1889557200
2029-11-17,Sat,weekend,,-5,EST,,
2029-11-18,Sun,weekend,,-5,EST,,
2029-11-19,Mon,normal,,-5,EST,1889793000,1889816400
2029-11-20,Tue,normal,,-5,EST,1889879400,1889902800
2029-11-21,Wed,normal,,-5,EST,1889965800,1889989200
2029-11-22,Thu,holiday,Thanksgiving Day,-5,EST,,
2029-11-23,Fri,early_close,Day after Thanksgiving,-5,EST,1890138600,1890151200
2029-11-24,Sat,weekend,,-5,EST,,
2029-11-25,Sun,weekend,,-5,EST,,
2029-11-26,Mon,normal,,-5,EST,1890397800,1890421200
2029-11-27,Tue,normal,,-5,EST,1890484200,1890507600
2029-11-28,Wed,normal,,-5,EST,1890570600,1890594000
2029-11-29,Thu,normal,,-5,EST,1890657000,1890680400
2029-11-30,Fri,normal,,-5,EST,1890743400,1890766800
2029-12-01,Sat,weekend,,-5,EST,,
2029-12-02,Sun,weekend,,-5,EST,,
2029-12-03,Mon,normal,,-5,EST,1891002600,1891026000
2029-12-04,Tue,normal,,-5,EST,1891089000,1891112400
2029-12-05,Wed,normal,,-5,EST,1891175400,1891198800
2029-12-06,Thu,normal,,-5,EST,1891261800,1891285200
2029-12-07,Fri,normal,,-5,EST,1891348200,1891371600
2029-12-08,Sat,weekend,,-5,EST,,
2029-12-09,Sun,weekend,,-5,EST,,
2029-12-10,Mon,normal,,-5,EST,1891607400,1891630800
2029-12-11,Tue,normal,,-5,EST,1891693800,1891717200
2029-12-12,Wed,normal,,-5,EST,1891780200,1891803600
2029-12-13,Thu,normal,,-5,EST,1891866600,1891890000
2029-12-14,Fri,normal,,-5,EST,1891953000,1891976400
2029-12-15,Sat,weekend,,-5,EST,,
2029-12-16,Sun,weekend,,-5,EST,,
2029-12-17,Mon,normal,,-5,EST,1892212200,1892235600
2029-12-18,Tue,normal,,-5,EST,1892298600,1892322000
2029-12-19,Wed,normal,,-5,EST,1892385000,1892408400
2029-12-20,Thu,normal,,-5,EST,1892471400,1892494800
2029-12-21,Fri,normal,,-5,EST,1892557800,1892581200
2029-12-22,Sat,weekend,,-5,EST,,
2029-12-23,Sun,weekend,,-5,EST,,
2029-12-24,Mon,early_close,Christmas Eve,-5,EST,1892817000,1892829600
2029-12-25,Tue,holiday,Christmas Day,-5,EST,,
2029-12-26,Wed,normal,,-5,EST,1892989800,1893013200
2029-12-27,Thu,normal,,-5,EST,1893076200,1893099600
2029-12-28,Fri,normal,,-5,EST,1893162600,1893186000
2029-12-29,Sat,weekend,,-5,EST,,
2029-12-30,Sun,weekend,,-5,EST,,
2029-12-31,Mon,normal,,-5,EST,1893421800,1893445200
2030-01-01,Tue,holiday,New Year's Day,-5,EST,,
2030-01-02,Wed,normal,,-5,EST,1893594600,1893618000
2030-01-03,Thu,normal,,-5,EST,1893681000,1893704400
2030-01-04,Fri,normal,,-5,EST,1893767400,1893790800
2030-01-05,Sat,weekend,,-5,EST,,
2030-01-06,Sun,weekend,,-5,EST,,
2030-01-07,Mon,normal,,-5,EST,1894026600,1894050000
2030-01-08,Tue,normal,,-5,EST,1894113000,1894136400
2030-01-09,Wed,normal,,-5,EST,1894199400,1894222800
2030-01-10,Thu,normal,,-5,EST,1894285800,1894309200
2030-01-11,Fri,normal,,-5,EST,1894372200,1894395600
2030-01-12,Sat,weekend,,-5,EST,,
2030-01-13,Sun,weekend,,-5,EST,,
2030-01-14,Mon,normal,,-5,EST,1894631400,1894654800
2030-01-15,Tue,normal,,-5,EST,1894717800,1894741200
2030-01-16,Wed,normal,,-5,EST,1894804200,1894827600
2030-01-17,Thu,normal,,-5,EST,1894890600,1894914000
2030-01-18,Fri,normal,,-5,EST,1894977000,1895000400
2030-01-19,Sat,weekend,,-5,EST,,
2030-01-20,Sun,weekend,,-5,EST,,
2030-01-21,Mon,holiday,Martin Luther King Jr. Day,-5,EST,,
2030-01-22,Tue,normal,,-5,EST,1895322600,1895346000
2030-01-23,Wed,normal,,-5,EST,1895409000,1895432400
2030-01-24,Thu,normal,,-5,EST,1895495400,1895518800
2030-01-25,Fri,normal,,-5,EST,1895581800,1895605200
2030-01-26,Sat,weekend,,-5,EST,,
2030-01-27,Sun,weekend,,-5,EST,,
2030-01-28,Mon,normal,,-5,EST,1895841000,1895864400
2030-01-29,Tue,normal,,-5,EST,1895927400,1895950800
2030-01-30,Wed,normal,,-5,EST,1896013800,1896037200
2030-01-31,Thu,normal,,-5,EST,1896100200,1896123600
2030-02-01,Fri,normal,,-5,EST,1896186600,1896210000
2030-02-02,Sat,weekend,,-5,EST,,
2030-02-03,Sun,weekend,,-5,EST,,
2030-02-04,Mon,normal,,-5,EST,1896445800,1896469200
2030-02-05,Tue,normal,,-5,EST,1896532200,1896555600
2030-02-06,Wed,normal,,-5,EST,1896618600,1896642000
2030-02-07,Thu,normal,,-5,EST,1896705000,1896728400
2030-02-08,Fri,normal,,-5,EST,1896791400,1896814800
2030-02-09,Sat,weekend,,-5,EST,,
2030-02-10,Sun,weekend,,-5,EST,,
2030-02-11,Mon,normal,,-5,EST,1897050600,1897074000
2030-02-12,Tue,normal,,-5,EST,1897137000,1897160400
2030-02-13,Wed,normal,,-5,EST,1897223400,1897246800
2030-02-14,Thu,normal,,-5,EST,1897309800,1897333200
2030-02-15,Fri,normal,,-5,EST,1897396200,1897419600
2030-02-16,Sat,weekend,,-5,EST,,
2030-02-17,Sun,weekend,,-5,EST,,
2030-02-18,Mon,holiday,Washington's Birthday,-5,EST,,
2030-02-19,Tue,normal,,-5,EST,1897741800,1897765200
2030-02-20,Wed,normal,,-5,EST,1897828200,1897851600
2030-02-21,Thu,normal,,-5,EST,1897914600,1897938000
2030-02-22,Fri,normal,,-5,EST,1898001000,1898024400
2030-02-23,Sat,weekend,,-5,EST,,
2030-02-24,Sun,weekend,,-5,EST,,
2030-02-25,Mon,normal,,-5,EST,1898260200,1898283600
2030-02-26,Tue,normal,,-5,EST,1898346600,1898370000
2030-02-27,Wed,normal,,-5,EST,1898433000,1898456400
2030-02-28,Thu,normal,,-5,EST,1898519400,1898542800
2030-03-01,Fri,normal,,-5,EST,1898605800,1898629200
2030-03-02,Sat,weekend,,-5,EST,,
2030-03-03,Sun,weekend,,-5,EST,,
2030-03-04,Mon,normal,,-5,EST,1898865000,1898888400
2030-03-05,Tue,normal,,-5,EST,1898951400,1898974800
2030-03-06,Wed,normal,,-5,EST,1899037800,1899061200
2030-03-07,Thu,normal,,-5,EST,1899124200,1899147600
2030-03-08,Fri,normal,,-5,EST,1899210600,1899234000
2030-03-09,Sat,weekend,,-5,EST,,
2030-03-10,Sun,weekend,,-4,EDT,,
2030-03-11,Mon,normal,,-4,EDT,1899466200,1899489600
2030-03-12,Tue,normal,,-4,EDT,1899552600,1899576000
2030-03-13,Wed,normal,,-4,EDT,1899639000,1899662400
2030-03-14,Thu,normal,,-4,EDT,1899725400,1899748800
2030-03-15,Fri,normal,,-4,EDT,1899811800,1899835200
2030-03-16,Sat,weekend,,-4,EDT,,
2030-03-17,Sun,weekend,,-4,EDT,,
2030-03-18,Mon,normal,,-4,EDT,1900071000,1900094400
2030-03-19,Tue,normal,,-4,EDT,1900157400,1900180800
2030-03-20,Wed,normal,,-4,EDT,1900243800,1900267200
2030-03-21,Thu,normal,,-4,EDT,1900330200,1900353600
2030-03-22,Fri,normal,,-4,EDT,1900416600,1900440000
2030-03-23,Sat,weekend,,-4,EDT,,
2030-03-24,Sun,weekend,,-4,EDT,,
2030-03-25,Mon,normal,,-4,EDT,1900675800,1900699200
2030-03-26,Tue,normal,,-4,EDT,1900762200,1900785600
2030-03-27,Wed,normal,,-4,EDT,1900848600,1900872000
2030-03-28,Thu,normal,,-4,EDT,1900935000,1900958400
2030-03-29,Fri,normal,,-4,EDT,1901021400,1901044800
2030-03-30,Sat,weekend,,-4,EDT,,
2030-03-31,Sun,weekend,,-4,EDT,,
2030-04-01,Mon,normal,,-4,EDT,1901280600,1901304000
2030-04-02,Tue,normal,,-4,EDT,1901367000,1901390400
2030-04-03,Wed,normal,,-4,EDT,1901453400,1901476800
2030-04-04,Thu,normal,,-4,EDT,1901539800,1901563200
2030-04-05,Fri,normal,,-4,EDT,1901626200,1901649600
2030-04-06,Sat,weekend,,-4,EDT,,
2030-04-07,Sun,weekend,,-4,EDT,,
2030-04-08,Mon,normal,,-4,EDT,1901885400,1901908800
2030-04-09,Tue,normal,,-4,EDT,1901971800,1901995200
2030-04-10,Wed,normal,,-4,EDT,1902058200,1902081600
2030-04-11,Thu,normal,,-4,EDT,1902144600,1902168000
2030-04-12,Fri,normal,,-4,EDT,1902231000,1902254400
2030-04-13,Sat,weekend,,-4,EDT,,
2030-04-14,Sun,weekend,,-4,EDT,,
2030-04-15,Mon,normal,,-4,EDT,1902490200,1902513600
2030-04-16,Tue,normal,,-4,EDT,1902576600,1902600000
2030-04-17,Wed,normal,,-4,EDT,1902663000,1902686400
2030-04-18,Thu,normal,,-4,EDT,1902749400,1902772800
2030-04-19,Fri,holiday,Good Friday,-4,EDT,,
2030-04-20,Sat,weekend,,-4,EDT,,
2030-04-21,Sun,weekend,,-4,EDT,,
2030-04-22,Mon,normal,,-4,EDT,1903095000,1903118400
2030-04-23,Tue,normal,,-4,EDT,1903181400,1903204800
2030-04-24,Wed,normal,,-4,EDT,1903267800,1903291200
2030-04-25,Thu,normal,,-4,EDT,1903354200,1903377600
2030-04-26,Fri,normal,,-4,EDT,1903440600,1903464000
2030-04-27,Sat,weekend,,-4,EDT,,
2030-04-28,Sun,weekend,,-4,EDT,,
2030-04-29,Mon,normal,,-4,EDT,1903699800,1903723200
2030-04-30,Tue,normal,,-4,EDT,1903786200,1903809600
2030-05-01,Wed,normal,,-4,EDT,1903872600,1903896000
2030-05-02,Thu,normal,,-4,EDT,1903959000,1903982400
2030-05-03,Fri,normal,,-4,EDT,1904045400,1904068800
2030-05-04,Sat,weekend,,-4,EDT,,
2030-05-05,Sun,weekend,,-4,EDT,,
2030-05-06,Mon,normal,,-4,EDT,1904304600,1904328000
2030-05-07,Tue,normal,,-4,EDT,1904391000,1904414400
2030-05-08,Wed,normal,,-4,EDT,1904477400,1904500800
2030-05-09,Thu,normal,,-4,EDT,1904563800,1904587200
2030-05-10,Fri,normal,,-4,EDT,1904650200,1904673600
2030-05-11,Sat,weekend,,-4,EDT,,
2030-05-12,Sun,weekend,,-4,EDT,,
2030-05-13,Mon,normal,,-4,EDT,1904909400,1904932800
2030-05-14,Tue,normal,,-4,EDT,1904995800,1905019200
2030-05-15,Wed,normal,,-4,EDT,1905082200,1905105600
2030-05-16,Thu,normal,,-4,EDT,1905168600,1905192000
2030-05-17,Fri,normal,,-4,EDT,1905255000,1905278400
2030-05-18,Sat,weekend,,-4,EDT,,
2030-05-19,Sun,weekend,,-4,EDT,,
2030-05-20,Mon,normal,,-4,EDT,1905514200,1905537600
2030-05-21,Tue,normal,,-4,EDT,1905600600,1905624000
2030-05-22,Wed,normal,,-4,EDT,1905687000,1905710400
2030-05-23,Thu,normal,,-4,EDT,1905773400,1905796800
2030-05-24,Fri,normal,,-4,EDT,1905859800,1905883200
2030-05-25,Sat,weekend,,-4,EDT,,
2030-05-26,Sun,weekend,,-4,EDT,,
2030-05-27,Mon,holiday,Memorial Day,-4,EDT,,
2030-05-28,Tue,normal,,-4,EDT,1906205400,1906228800
2030-05-29,Wed,normal,,-4,EDT,1906291800,1906315200
2030-05-30,Thu,normal,,-4,EDT,1906378200,1906401600
2030-05-31,Fri,normal,,-4,EDT,1906464600,1906488000
2030-06-01,Sat,weekend,,-4,EDT,,
2030-06-02,Sun,weekend,,-4,EDT,,
2030-06-03,Mon,normal,,-4,EDT,1906723800,1906747200
2030-06-04,Tue,normal,,-4,EDT,1906810200,1906833600
2030-06-05,Wed,normal,,-4,EDT,1906896600,1906920000
2030-06-06,Thu,normal,,-4,EDT,1906983000,1907006400
2030-06-07,Fri,normal,,-4,EDT,1907069400,1907092800
2030-06-08,Sat,weekend,,-4,EDT,,
2030-06-09,Sun,weekend,,-4,EDT,,
2030-06-10,Mon,normal,,-4,EDT,1907328600,1907352000
2030-06-11,Tue,normal,,-4,EDT,1907415000,1907438400
2030-06-12,Wed,normal,,-4,EDT,1907501400,1907524800
2030-06-13,Thu,normal,,-4,EDT,1907587800,1907611200
2030-06-14,Fri,normal,,-4,EDT,1907674200,1907697600
2030-06-15,Sat,weekend,,-4,EDT,,
2030-06-16,Sun,weekend,,-4,EDT,,
2030-06-17,Mon,normal,,-4,EDT,1907933400,1907956800
2030-06-18,Tue,normal,,-4,EDT,1908019800,1908043200
2030-06-19,Wed,holiday,Juneteenth National Independence Day,-4,EDT,,
2030-06-20,Thu,normal,,-4,EDT,1908192600,1908216000
2030-06-21,Fri,normal,,-4,EDT,1908279000,1908302400
2030-06-22,Sat,weekend,,-4,EDT,,
2030-06-23,Sun,weekend,,-4,EDT,,
2030-06-24,Mon,normal,,-4,EDT,1908538200,1908561600
2030-06-25,Tue,normal,,-4,EDT,1908624600,1908648000
2030-06-26,Wed,normal,,-4,EDT,1908711000,1908734400
2030-06-27,Thu,normal,,-4,EDT,1908797400,1908820800
2030-06-28,Fri,normal,,-4,EDT,1908883800,1908907200
2030-06-29,Sat,weekend,,-4,EDT,,
2030-06-30,Sun,weekend,,-4,EDT,,
2030-07-01,Mon,normal,,-4,EDT,1909143000,1909166400
2030-07-02,Tue,normal,,-4,EDT,1909229400,1909252800
2030-07-03,Wed,early_close,Day before Independence Day,-4,EDT,1909315800,1909328400
2030-07-04,Thu,holiday,Independence Day,-4,EDT,,
2030-07-05,Fri,normal,,-4,EDT,1909488600,1909512000
2030-07-06,Sat,weekend,,-4,EDT,,
2030-07-07,Sun,weekend,,-4,EDT,,
2030-07-08,Mon,normal,,-4,EDT,1909747800,1909771200
2030-07-09,Tue,normal,,-4,EDT,1909834200,1909857600
2030-07-10,Wed,normal,,-4,EDT,1909920600,1909944000
2030-07-11,Thu,normal,,-4,EDT,1910007000,1910030400
2030-07-12,Fri,normal,,-4,EDT,1910093400,1910116800
2030-07-13,Sat,weekend,,-4,EDT,,
2030-07-14,Sun,weekend,,-4,EDT,,
2030-07-15,Mon,normal,,-4,EDT,1910352600,1910376000
2030-07-16,Tue,normal,,-4,EDT,1910439000,1910462400
2030-07-17,Wed,normal,,-4,EDT,1910525400,1910548800
2030-07-18,Thu,normal,,-4,EDT,1910611800,1910635200
2030-07-19,Fri,normal,,-4,EDT,1910698200,1910721600
2030-07-20,Sat,weekend,,-4,EDT,,
2030-07-21,Sun,weekend,,-4,EDT,,
2030-07-22,Mon,normal,,-4,EDT,1910957400,1910980800
2030-07-23,Tue,normal,,-4,EDT,1911043800,1911067200
2030-07-24,Wed,normal,,-4,EDT,1911130200,1911153600
2030-07-25,Thu,normal,,-4,EDT,1911216600,1911240000
2030-07-26,Fri,normal,,-4,EDT,1911303000,1911326400
2030-07-27,Sat,weekend,,-4,EDT,,
2030-07-28,Sun,weekend,,-4,EDT,,
2030-07-29,Mon,normal,,-4,EDT,1911562200,1911585600
2030-07-30,Tue,normal,,-4,EDT,1911648600,1911672000
2030-07-31,Wed,normal,,-4,EDT,1911735000,1911758400
2030-08-01,Thu,normal,,-4,EDT,1911821400,1911844800
2030-08-02,Fri,normal,,-4,EDT,1911907800,1911931200
2030-08-03,Sat,weekend,,-4,EDT,,
2030-08-04,Sun,weekend,,-4,EDT,,
2030-08-05,Mon,normal,,-4,EDT,1912167000,1912190400
2030-08-06,Tue,normal,,-4,EDT,1912253400,1912276800
2030-08-07,Wed,normal,,-4,EDT,1912339800,1912363200
2030-08-08,Thu,normal,,-4,EDT,1912426200,1912449600
2030-08-09,Fri,normal,,-4,EDT,1912512600,1912536000
2030-08-10,Sat,weekend,,-4,EDT,,
2030-08-11,Sun,weekend,,-4,EDT,,
2030-08-12,Mon,normal,,-4,EDT,1912771800,1912795200
2030-08-13,Tue,normal,,-4,EDT,1912858200,1912881600
2030-08-14,Wed,normal,,-4,EDT,1912944600,1912968000
2030-08-15,Thu,normal,,-4,EDT,1913031000,1913054400
2030-08-16,Fri,normal,,-4,EDT,1913117400,1913140800
2030-08-17,Sat,weekend,,-4,EDT,,
2030-08-18,Sun,weekend,,-4,EDT,,
2030-08-19,Mon,normal,,-4,EDT,1913376600,1913400000
2030-08-20,Tue,normal,,-4,EDT,1913463000,1913486400
2030-08-21,Wed,normal,,-4,EDT,1913549400,1913572800
2030-08-22,Thu,normal,,-4,EDT,1913635800,1913659200
2030-08-23,Fri,normal,,-4,EDT,1913722200,1913745600
2030-08-24,Sat,weekend,,-4,EDT,,
2030-08-25,Sun,weekend,,-4,EDT,,
2030-08-26,Mon,normal,,-4,EDT,1913981400,1914004800
2030-08-27,Tue,normal,,-4,EDT,1914067800,1914091200
2030-08-28,Wed,normal,,-4,EDT,1914154200,1914177600
2030-08-29,Thu,normal,,-4,EDT,1914240600,1914264000
2030-08-30,Fri,normal,,-4,EDT,1914327000,1914350400
2030-08-31,Sat,weekend,,-4,EDT,,
2030-09-01,Sun,weekend,,-4,EDT,,
2030-09-02,Mon,holiday,Labor Day,-4,EDT,,
2030-09-03,Tue,normal,,-4,EDT,1914672600,1914696000
2030-09-04,Wed,normal,,-4,EDT,1914759000,1914782400
2030-09-05,Thu,normal,,-4,EDT,1914845400,1914868800
2030-09-06,Fri,normal,,-4,EDT,1914931800,1914955200
2030-09-07,Sat,weekend,,-4,EDT,,
2030-09-08,Sun,weekend,,-4,EDT,,
2030-09-09,Mon,normal,,-4,EDT,1915191000,1915214400
2030-09-10,Tue,normal,,-4,EDT,1915277400,1915300800
2030-09-11,Wed,normal,,-4,EDT,1915363800,1915387200
2030-09-12,Thu,normal,,-4,EDT,1915450200,1915473600
2030-09-13,Fri,normal,,-4,EDT,1915536600,1915560000
2030-09-14,Sat,weekend,,-4,EDT,,
2030-09-15,Sun,weekend,,-4,EDT,,
2030-09-16,Mon,normal,,-4,EDT,1915795800,1915819200
2030-09-17,Tue,normal,,-4,EDT,1915882200,1915905600
2030-09-18,Wed,normal,,-4,EDT,1915968600,1915992000
2030-09-19,Thu,normal,,-4,EDT,1916055000,1916078400
2030-09-20,Fri,normal,,-4,EDT,1916141400,1916164800
2030-09-21,Sat,weekend,,-4,EDT,,
2030-09-22,Sun,weekend,,-4,EDT,,
2030-09-23,Mon,normal,,-4,EDT,1916400600,1916424000
2030-09-24,Tue,normal,,-4,EDT,1916487000,1916510400
2030-09-25,Wed,normal,,-4,EDT,1916573400,1916596800
2030-09-26,Thu,normal,,-4,EDT,1916659800,1916683200
2030-09-27,Fri,normal,,-4,EDT,1916746200,1916769600
2030-09-28,Sat,weekend,,-4,EDT,,
2030-09-29,Sun,weekend,,-4,EDT,,
2030-09-30,Mon,normal,,-4,EDT,1917005400,1917028800
2030-10-01,Tue,normal,,-4,EDT,1917091800,1917115200
2030-10-02,Wed,normal,,-4,EDT,1917178200,1917201600
2030-10-03,Thu,normal,,-4,EDT,1917264600,1917288000
2030-10-04,Fri,normal,,-4,EDT,1917351000,1917374400
2030-10-05,Sat,weekend,,-4,EDT,,
2030-10-06,Sun,weekend,,-4,EDT,,
2030-10-07,Mon,normal,,-4,EDT,1917610200,1917633600
2030-10-08,Tue,normal,,-4,EDT,1917696600,1917720000
2030-10-09,Wed,normal,,-4,EDT,1917783000,1917806400
2030-10-10,Thu,normal,,-4,EDT,1917869400,1917892800
2030-10-11,Fri,normal,,-4,EDT,1917955800,1917979200
2030-10-12,Sat,weekend,,-4,EDT,,
2030-10-13,Sun,weekend,,-4,EDT,,
2030-10-14,Mon,normal,,-4,EDT,1918215000,1918238400
2030-10-15,Tue,normal,,-4,EDT,1918301400,1918324800
2030-10-16,Wed,normal,,-4,EDT,1918387800,1918411200
2030-10-17,Thu,normal,,-4,EDT,1918474200,1918497600
2030-10-18,Fri,normal,,-4,EDT,1918560600,1918584000
2030-10-19,Sat,weekend,,-4,EDT,,
2030-10-20,Sun,weekend,,-4,EDT,,
2030-10-21,Mon,normal,,-4,EDT,1918819800,1918843200
2030-10-22,Tue,normal,,-4,EDT,1918906200,1918929600
2030-10-23,Wed,normal,,-4,EDT,1918992600,1919016000
2030-10-24,Thu,normal,,-4,EDT,1919079000,1919102400
2030-10-25,Fri,normal,,-4,EDT,1919165400,1919188800
2030-10-26,Sat,weekend,,-4,EDT,,
2030-10-27,Sun,weekend,,-4,EDT,,
2030-10-28,Mon,normal,,-4,EDT,1919424600,1919448000
2030-10-29,Tue,normal,,-4,EDT,1919511000,1919534400
2030-10-30,Wed,normal,,-4,EDT,1919597400,1919620800
2030-10-31,Thu,normal,,-4,EDT,1919683800,1919707200
2030-11-01,Fri,normal,,-4,EDT,1919770200,1919793600
2030-11-02,Sat,weekend,,-4,EDT,,
2030-11-03,Sun,weekend,,-5,EST,,
2030-11-04,Mon,normal,,-5,EST,1920033000,1920056400
2030-11-05,Tue,normal,,-5,EST,1920119400,1920142800
2030-11-06,Wed,normal,,-5,EST,1920205800,1920229200
2030-11-07,Thu,normal,,-5,EST,1920292200,1920315600
2030-11-08,Fri,normal,,-5,EST,1920378600,1920402000
2030-11-09,Sat,weekend,,-5,EST,,
2030-11-10,Sun,weekend,,-5,EST,,
2030-11-11,Mon,normal,,-5,EST,1920637800,1920661200
2030-11-12,Tue,normal,,-5,EST,1920724200,1920747600
2030-11-13,Wed,normal,,-5,EST,1920810600,1920834000
2030-11-14,Thu,normal,,-5,EST,1920897000,1920920400
2030-11-15,Fri,normal,,-5,EST,1920983400,1921006800
2030-11-16,Sat,weekend,,-5,EST,,
2030-11-17,Sun,weekend,,-5,EST,,
2030-11-18,Mon,normal,,-5,EST,1921242600,1921266000
2030-11-19,Tue,normal,,-5,EST,1921329000,1921352400
2030-11-20,Wed,normal,,-5,EST,1921415400,1921438800
2030-11-21,Thu,normal,,-5,EST,1921501800,1921525200
2030-11-22,Fri,normal,,-5,EST,1921588200,1921611600
2030-11-23,Sat,weekend,,-5,EST,,
2030-11-24,Sun,weekend,,-5,EST,,
2030-11-25,Mon,normal,,-5,EST,1921847400,1921870800
2030-11-26,Tue,normal,,-5,EST,1921933800,1921957200
2030-11-27,Wed,normal,,-5,EST,1922020200,1922043600
2030-11-28,Thu,holiday,Thanksgiving Day,-5,EST,,
2030-11-29,Fri,early_close,Day after Thanksgiving,-5,EST,1922193000,1922205600
2030-11-30,Sat,weekend,,-5,EST,,
2030-12-01,Sun,weekend,,-5,EST,,
2030-12-02,Mon,normal,,-5,EST,1922452200,1922475600
2030-12-03,Tue,normal,,-5,EST,1922538600,1922562000
2030-12-04,Wed,normal,,-5,EST,1922625000,1922648400
2030-12-05,Thu,normal,,-5,EST,1922711400,1922734800
2030-12-06,Fri,normal,,-5,EST,1922797800,1922821200
2030-12-07,Sat,weekend,,-5,EST,,
2030-12-08,Sun,weekend,,-5,EST,,
2030-12-09,Mon,normal,,-5,EST,1923057000,1923080400
2030-12-10,Tue,normal,,-5,EST,1923143400,1923166800
2030-12-11,Wed,normal,,-5,EST,1923229800,1923253200
2030-12-12,Thu,normal,,-5,EST,1923316200,1923339600
2030-12-13,Fri,normal,,-5,EST,1923402600,1923426000
2030-12-14,Sat,weekend,,-5,EST,,
2030-12-15,Sun,weekend,,-5,EST,,
2030-12-16,Mon,normal,,-5,EST,1923661800,1923685200
2030-12-17,Tue,normal,,-5,EST,1923748200,1923771600
2030-12-18,Wed,normal,,-5,EST,1923834600,1923858000
2030-12-19,Thu,normal,,-5,EST,1923921000,1923944400
2030-12-20,Fri,normal,,-5,EST,1924007400,1924030800
2030-12-21,Sat,weekend,,-5,EST,,
2030-12-22,Sun,weekend,,-5,EST,,
2030-12-23,Mon,normal,,-5,EST,1924266600,1924290000
2030-12-24,Tue,early_close,Christmas Eve,-5,EST,1924353000,1924365600
2030-12-25,Wed,holiday,Christmas Day,-5,EST,,
2030-12-26,Thu,normal,,-5,EST,1924525800,1924549200
2030-12-27,Fri,normal,,-5,EST,1924612200,1924635600
2030-12-28,Sat,weekend,,-5,EST,,
2030-12-29,Sun,weekend,,-5,EST,,
2030-12-30,Mon,normal,,-5,EST,1924871400,1924894800
2030-12-31,Tue,normal,,-5,EST,1924957800,1924981200
2031-01-01,Wed,holiday,New Year's Day,-5,EST,,
2031-01-02,Thu,normal,,-5,EST,1925130600,1925154000
2031-01-03,Fri,normal,,-5,EST,1925217000,1925240400
2031-01-04,Sat,weekend,,-5,EST,,
2031-01-05,Sun,weekend,,-5,EST,,
2031-01-06,Mon,normal,,-5,EST,1925476200,1925499600
2031-01-07,Tue,normal,,-5,EST,1925562600,1925586000
2031-01-08,Wed,normal,,-5,EST,1925649000,1925672400
2031-01-09,Thu,normal,,-5,EST,1925735400,1925758800
2031-01-10,Fri,normal,,-5,EST,1925821800,1925845200
2031-01-11,Sat,weekend,,-5,EST,,
2031-01-12,Sun,weekend,,-5,EST,,
2031-01-13,Mon,normal,,-5,EST,1926081000,1926104400
2031-01-14,Tue,normal,,-5,EST,1926167400,1926190800
2031-01-15,Wed,normal,,-5,EST,1926253800,1926277200
2031-01-16,Thu,normal,,-5,EST,1926340200,1926363600
2031-01-17,Fri,normal,,-5,EST,1926426600,1926450000
2031-01-18,Sat,weekend,,-5,EST,,
2031-01-19,Sun,weekend,,-5,EST,,
2031-01-20,Mon,holiday,Martin Luther King Jr. Day,-5,EST,,
2031-01-21,Tue,normal,,-5,EST,1926772200,1926795600
2031-01-22,Wed,normal,,-5,EST,1926858600,1926882000
2031-01-23,Thu,normal,,-5,EST,1926945000,1926968400
2031-01-24,Fri,normal,,-5,EST,1927031400,1927054800
2031-01-25,Sat,weekend,,-5,EST,,
2031-01-26,Sun,weekend,,-5,EST,,
2031-01-27,Mon,normal,,-5,EST,1927290600,1927314000
2031-01-28,Tue,normal,,-5,EST,1927377000,1927400400
2031-01-29,Wed,normal,,-5,EST,1927463400,1927486800
2031-01-30,Thu,normal,,-5,EST,1927549800,1927573200
2031-01-31,Fri,normal,,-5,EST,1927636200,1927659600
2031-02-01,Sat,weekend,,-5,EST,,
2031-02-02,Sun,weekend,,-5,EST,,
2031-02-03,Mon,normal,,-5,EST,1927895400,1927918800
2031-02-04,Tue,normal,,-5,EST,1927981800,1928005200
2031-02-05,Wed,normal,,-5,EST,1928068200,1928091600
2031-02-06,Thu,normal,,-5,EST,1928154600,1928178000
2031-02-07,Fri,normal,,-5,EST,1928241000,1928264400
2031-02-08,Sat,weekend,,-5,EST,,
2031-02-09,Sun,weekend,,-5,EST,,
2031-02-10,Mon,normal,,-5,EST,1928500200,1928523600
2031-02-11,Tue,normal,,-5,EST,1928586600,1928610000
2031-02-12,Wed,normal,,-5,EST,1928673000,1928696400
2031-02-13,Thu,normal,,-5,EST,1928759400,1928782800
2031-02-14,Fri,normal,,-5,EST,1928845800,1928869200
2031-02-15,Sat,weekend,,-5,EST,,
2031-02-16,Sun,weekend,,-5,EST,,
2031-02-17,Mon,holiday,Washington's Birthday,-5,EST,,
2031-02-18,Tue,normal,,-5,EST,1929191400,1929214800
2031-02-19,Wed,normal,,-5,EST,1929277800,1929301200
2031-02-20,Thu,normal,,-5,EST,1929364200,1929387600
2031-02-21,Fri,normal,,-5,EST,1929450600,1929474000
2031-02-22,Sat,weekend,,-5,EST,,
2031-02-23,Sun,weekend,,-5,EST,,
2031-02-24,Mon,normal,,-5,EST,1929709800,1929733200
2031-02-25,Tue,normal,,-5,EST,1929796200,1929819600
2031-02-26,Wed,normal,,-5,EST,1929882600,1929906000
2031-02-27,Thu,normal,,-5,EST,1929969000,1929992400
2031-02-28,Fri,normal,,-5,EST,1930055400,1930078800
2031-03-01,Sat,weekend,,-5,EST,,
2031-03-02,Sun,weekend,,-5,EST,,
2031-03-03,Mon,normal,,-5,EST,1930314600,1930338000
2031-03-04,Tue,normal,,-5,EST,1930401000,1930424400
2031-03-05,Wed,normal,,-5,EST,1930487400,1930510800
2031-03-06,Thu,normal,,-5,EST,1930573800,1930597200
2031-03-07,Fri,normal,,-5,EST,1930660200,1930683600
2031-03-08,Sat,weekend,,-5,EST,,
2031-03-09,Sun,weekend,,-4,EDT,,
2031-03-10,Mon,normal,,-4,EDT,1930915800,1930939200
2031-03-11,Tue,normal,,-4,EDT,1931002200,1931025600
2031-03-12,Wed,normal,,-4,EDT,1931088600,1931112000
2031-03-13,Thu,normal,,-4,EDT,1931175000,1931198400
2031-03-14,Fri,normal,,-4,EDT,1931261400,1931284800
2031-03-15,Sat,weekend,,-4,EDT,,
2031-03-16,Sun,weekend,,-4,EDT,,
2031-03-17,Mon,normal,,-4,EDT,1931520600,1931544000
2031-03-18,Tue,normal,,-4,EDT,1931607000,1931630400
2031-03-19,Wed,normal,,-4,EDT,1931693400,1931716800
2031-03-20,Thu,normal,,-4,EDT,1931779800,1931803200
2031-03-21,Fri,normal,,-4,EDT,1931866200,1931889600
2031-03-22,Sat,weekend,,-4,EDT,,
2031-03-23,Sun,weekend,,-4,EDT,,
2031-03-24,Mon,normal,,-4,EDT,1932125400,1932148800
2031-03-25,Tue,normal,,-4,EDT,1932211800,1932235200
2031-03-26,Wed,normal,,-4,EDT,1932298200,1932321600
2031-03-27,Thu,normal,,-4,EDT,1932384600,1932408000
2031-03-28,Fri,normal,,-4,EDT,1932471000,1932494400
2031-03-29,Sat,weekend,,-4,EDT,,
2031-03-30,Sun,weekend,,-4,EDT,,
2031-03-31,Mon,normal,,-4,EDT,1932730200,1932753600
2031-04-01,Tue,normal,,-4,EDT,1932816600,1932840000
2031-04-02,Wed,normal,,-4,EDT,1932903000,1932926400
2031-04-03,Thu,normal,,-4,EDT,1932989400,1933012800
2031-04-04,Fri,normal,,-4,EDT,1933075800,1933099200
2031-04-05,Sat,weekend,,-4,EDT,,
2031-04-06,Sun,weekend,,-4,EDT,,
2031-04-07,Mon,normal,,-4,EDT,1933335000,1933358400
2031-04-08,Tue,normal,,-4,EDT,1933421400,1933444800
2031-04-09,Wed,normal,,-4,EDT,1933507800,1933531200
2031-04-10,Thu,normal,,-4,EDT,1933594200,1933617600
2031-04-11,Fri,holiday,Good Friday,-4,EDT,,
2031-04-12,Sat,weekend,,-4,EDT,,
2031-04-13,Sun,weekend,,-4,EDT,,
2031-04-14,Mon,normal,,-4,EDT,1933939800,1933963200
2031-04-15,Tue,normal,,-4,EDT,1934026200,1934049600
2031-04-16,Wed,normal,,-4,EDT,1934112600,1934136000
2031-04-17,Thu,normal,,-4,EDT,1934199000,1934222400
2031-04-18,Fri,normal,,-4,EDT,1934285400,1934308800
2031-04-19,Sat,weekend,,-4,EDT,,
2031-04-20,Sun,weekend,,-4,EDT,,
2031-04-21,Mon,normal,,-4,EDT,1934544600,1934568000
2031-04-22,Tue,normal,,-4,EDT,1934631000,1934654400
2031-04-23,Wed,normal,,-4,EDT,1934717400,1934740800
2031-04-24,Thu,normal,,-4,EDT,1934803800,1934827200
2031-04-25,Fri,normal,,-4,EDT,1934890200,1934913600
2031-04-26,Sat,weekend,,-4,EDT,,
2031-04-27,Sun,weekend,,-4,EDT,,
2031-04-28,Mon,normal,,-4,EDT,1935149400,1935172800
2031-04-29,Tue,normal,,-4,EDT,1935235800,1935259200
2031-04-30,Wed,normal,,-4,EDT,1935322200,1935345600
2031-05-01,Thu,normal,,-4,EDT,1935408600,1935432000
2031-05-02,Fri,normal,,-4,EDT,1935495000,1935518400
2031-05-03,Sat,weekend,,-4,EDT,,
2031-05-04,Sun,weekend,,-4,EDT,,
2031-05-05,Mon,normal,,-4,EDT,1935754200,1935777600
2031-05-06,Tue,normal,,-4,EDT,1935840600,1935864000
2031-05-07,Wed,normal,,-4,EDT,1935927000,1935950400
2031-05-08,Thu,normal,,-4,EDT,1936013400,1936036800
2031-05-09,Fri,normal,,-4,EDT,1936099800,1936123200
2031-05-10,Sat,weekend,,-4,EDT,,
2031-05-11,Sun,weekend,,-4,EDT,,
2031-05-12,Mon,normal,,-4,EDT,1936359000,1936382400
2031-05-13,Tue,normal,,-4,EDT,1936445400,1936468800
2031-05-14,Wed,normal,,-4,EDT,1936531800,1936555200
2031-05-15,Thu,normal,,-4,EDT,1936618200,1936641600
2031-05-16,Fri,normal,,-4,EDT,1936704600,1936728000
2031-05-17,Sat,weekend,,-4,EDT,,
2031-05-18,Sun,weekend,,-4,EDT,,
2031-05-19,Mon,normal,,-4,EDT,1936963800,1936987200
2031-05-20,Tue,normal,,-4,EDT,1937050200,1937073600
2031-05-21,Wed,normal,,-4,EDT,1937136600,1937160000
2031-05-22,Thu,normal,,-4,EDT,1937223000,1937246400
2031-05-23,Fri,normal,,-4,EDT,1937309400,1937332800
2031-05-24,Sat,weekend,,-4,EDT,,
2031-05-25,Sun,weekend,,-4,EDT,,
2031-05-26,Mon,holiday,Memorial Day,-4,EDT,,
2031-05-27,Tue,normal,,-4,EDT,1937655000,1937678400
2031-05-28,Wed,normal,,-4,EDT,1937741400,1937764800
2031-05-29,Thu,normal,,-4,EDT,1937827800,1937851200
2031-05-30,Fri,normal,,-4,EDT,1937914200,1937937600
2031-05-31,Sat,weekend,,-4,EDT,,
2031-06-01,Sun,weekend,,-4,EDT,,
2031-06-02,Mon,normal,,-4,EDT,1938173400,1938196800
2031-06-03,Tue,normal,,-4,EDT,1938259800,1938283200
2031-06-04,Wed,normal,,-4,EDT,1938346200,1938369600
2031-06-05,Thu,normal,,-4,EDT,1938432600,1938456000
2031-06-06,Fri,normal,,-4,EDT,1938519000,1938542400
2031-06-07,Sat,weekend,,-4,EDT,,
2031-06-08,Sun,weekend,,-4,EDT,,
2031-06-09,Mon,normal,,-4,EDT,1938778200,1938801600
2031-06-10,Tue,normal,,-4,EDT,1938864600,1938888000
2031-06-11,Wed,normal,,-4,EDT,1938951000,1938974400
2031-06-12,Thu,normal,,-4,EDT,1939037400,1939060800
2031-06-13,Fri,normal,,-4,EDT,1939123800,1939147200
2031-06-14,Sat,weekend,,-4,EDT,,
2031-06-15,Sun,weekend,,-4,EDT,,
2031-06-16,Mon,normal,,-4,EDT,1939383000,1939406400
2031-06-17,Tue,normal,,-4,EDT,1939469400,1939492800
2031-06-18,Wed,normal,,-4,EDT,1939555800,1939579200
2031-06-19,Thu,holiday,Juneteenth National Independence Day,-4,EDT,,
2031-06-20,Fri,normal,,-4,EDT,1939728600,1939752000
2031-06-21,Sat,weekend,,-4,EDT,,
2031-06-22,Sun,weekend,,-4,EDT,,
2031-06-23,Mon,normal,,-4,EDT,1939987800,1940011200
2031-06-24,Tue,normal,,-4,EDT,1940074200,1940097600
2031-06-25,Wed,normal,,-4,EDT,1940160600,1940184000
2031-06-26,Thu,normal,,-4,EDT,1940247000,1940270400
2031-06-27,Fri,normal,,-4,EDT,1940333400,1940356800
2031-06-28,Sat,weekend,,-4,EDT,,
2031-06-29,Sun,weekend,,-4,EDT,,
2031-06-30,Mon,normal,,-4,EDT,1940592600,1940616000
2031-07-01,Tue,normal,,-4,EDT,1940679000,1940702400
2031-07-02,Wed,normal,,-4,EDT,1940765400,1940788800
2031-07-03,Thu,early_close,Day before Independence Day,-4,EDT,1940851800,1940864400
2031-07-04,Fri,holiday,Independence Day,-4,EDT,,
2031-07-05,Sat,weekend,,-4,EDT,,
2031-07-06,Sun,weekend,,-4,EDT,,
2031-07-07,Mon,normal,,-4,EDT,1941197400,1941220800
2031-07-08,Tue,normal,,-4,EDT,1941283800,1941307200
2031-07-09,Wed,normal,,-4,EDT,1941370200,1941393600
2031-07-10,Thu,normal,,-4,EDT,1941456600,1941480000
2031-07-11,Fri,normal,,-4,EDT,1941543000,1941566400
2031-07-12,Sat,weekend,,-4,EDT,,
2031-07-13,Sun,weekend,,-4,EDT,,
2031-07-14,Mon,normal,,-4,EDT,1941802200,1941825600
2031-07-15,Tue,normal,,-4,EDT,1941888600,1941912000
2031-07-16,Wed,normal,,-4,EDT,1941975000,1941998400
2031-07-17,Thu,normal,,-4,EDT,1942061400,1942084800
2031-07-18,Fri,normal,,-4,EDT,1942147800,1942171200
2031-07-19,Sat,weekend,,-4,EDT,,
2031-07-20,Sun,weekend,,-4,EDT,,
2031-07-21,Mon,normal,,-4,EDT,1942407000,1942430400
2031-07-22,Tue,normal,,-4,EDT,1942493400,1942516800
2031-07-23,Wed,normal,,-4,EDT,1942579800,1942603200
2031-07-24,Thu,normal,,-4,EDT,1942666200,1942689600
2031-07-25,Fri,normal,,-4,EDT,1942752600,1942776000
2031-07-26,Sat,weekend,,-4,EDT,,
2031-07-27,Sun,weekend,,-4,EDT,,
2031-07-28,Mon,normal,,-4,EDT,1943011800,1943035200
2031-07-29,Tue,normal,,-4,EDT,1943098200,1943121600
2031-07-30,Wed,normal,,-4,EDT,1943184600,1943208000
2031-07-31,Thu,normal,,-4,EDT,1943271000,1943294400
2031-08-01,Fri,normal,,-4,EDT,1943357400,1943380800
2031-08-02,Sat,weekend,,-4,EDT,,
2031-08-03,Sun,weekend,,-4,EDT,,
2031-08-04,Mon,normal,,-4,EDT,1943616600,1943640000
2031-08-05,Tue,normal,,-4,EDT,1943703000,1943726400
2031-08-06,Wed,normal,,-4,EDT,1943789400,1943812800
2031-08-07,Thu,normal,,-4,EDT,1943875800,1943899200
2031-08-08,Fri,normal,,-4,EDT,1943962200,1943985600
2031-08-09,Sat,weekend,,-4,EDT,,
2031-08-10,Sun,weekend,,-4,EDT,,
2031-08-11,Mon,normal,,-4,EDT,1944221400,1944244800
2031-08-12,Tue,normal,,-4,EDT,1944307800,1944331200
2031-08-13,Wed,normal,,-4,EDT,1944394200,1944417600
2031-08-14,Thu,normal,,-4,EDT,1944480600,1944504000
2031-08-15,Fri,normal,,-4,EDT,1944567000,1944590400
2031-08-16,Sat,weekend,,-4,EDT,,
2031-08-17,Sun,weekend,,-4,EDT,,
2031-08-18,Mon,normal,,-4,EDT,1944826200,1944849600
2031-08-19,Tue,normal,,-4,EDT,1944912600,1944936000
2031-08-20,Wed,normal,,-4,EDT,1944999000,1945022400
2031-08-21,Thu,normal,,-4,EDT,1945085400,1945108800
2031-08-22,Fri,normal,,-4,EDT,1945171800,1945195200
2031-08-23,Sat,weekend,,-4,EDT,,
2031-08-24,Sun,weekend,,-4,EDT,,
2031-08-25,Mon,normal,,-4,EDT,1945431000,1945454400
2031-08-26,Tue,normal,,-4,EDT,1945517400,1945540800
2031-08-27,Wed,normal,,-4,EDT,1945603800,1945627200
2031-08-28,Thu,normal,,-4,EDT,1945690200,1945713600
2031-08-29,Fri,normal,,-4,EDT,1945776600,1945800000
2031-08-30,Sat,weekend,,-4,EDT,,
2031-08-31,Sun,weekend,,-4,EDT,,
2031-09-01,Mon,holiday,Labor Day,-4,EDT,,
2031-09-02,Tue,normal,,-4,EDT,1946122200,1946145600
2031-09-03,Wed,normal,,-4,EDT,1946208600,1946232000
2031-09-04,Thu,normal,,-4,EDT,1946295000,1946318400
2031-09-05,Fri,normal,,-4,EDT,1946381400,1946404800
2031-09-06,Sat,weekend,,-4,EDT,,
2031-09-07,Sun,weekend,,-4,EDT,,
2031-09-08,Mon,normal,,-4,EDT,1946640600,1946664000
2031-09-09,Tue,normal,,-4,EDT,1946727000,1946750400
2031-09-10,Wed,normal,,-4,EDT,1946813400,1946836800
2031-09-11,Thu,normal,,-4,EDT,1946899800,1946923200
2031-09-12,Fri,normal,,-4,EDT,1946986200,1947009600
2031-09-13,Sat,weekend,,-4,EDT,,
2031-09-14,Sun,weekend,,-4,EDT,,
2031-09-15,Mon,normal,,-4,EDT,1947245400,1947268800
2031-09-16,Tue,normal,,-4,EDT,1947331800,1947355200
2031-09-17,Wed,normal,,-4,EDT,1947418200,1947441600
2031-09-18,Thu,normal,,-4,EDT,1947504600,1947528000
2031-09-19,Fri,normal,,-4,EDT,1947591000,1947614400
2031-09-20,Sat,weekend,,-4,EDT,,
2031-09-21,Sun,weekend,,-4,EDT,,
2031-09-22,Mon,normal,,-4,EDT,1947850200,1947873600
2031-09-23,Tue,normal,,-4,EDT,1947936600,1947960000
2031-09-24,Wed,normal,,-4,EDT,1948023000,1948046400
2031-09-25,Thu,normal,,-4,EDT,1948109400,1948132800
2031-09-26,Fri,normal,,-4,EDT,1948195800,1948219200
2031-09-27,Sat,weekend,,-4,EDT,,
2031-09-28,Sun,weekend,,-4,EDT,,
2031-09-29,Mon,normal,,-4,EDT,1948455000,1948478400
2031-09-30,Tue,normal,,-4,EDT,1948541400,1948564800
2031-10-01,Wed,normal,,-4,EDT,1948627800,1948651200
2031-10-02,Thu,normal,,-4,EDT,1948714200,1948737600
2031-10-03,Fri,normal,,-4,EDT,1948800600,1948824000
2031-10-04,Sat,weekend,,-4,EDT,,
2031-10-05,Sun,weekend,,-4,EDT,,
2031-10-06,Mon,normal,,-4,EDT,1949059800,1949083200
2031-10-07,Tue,normal,,-4,EDT,1949146200,1949169600
2031-10-08,Wed,normal,,-4,EDT,1949232600,1949256000
2031-10-09,Thu,normal,,-4,EDT,1949319000,1949342400
2031-10-10,Fri,normal,,-4,EDT,1949405400,1949428800
2031-10-11,Sat,weekend,,-4,EDT,,
2031-10-12,Sun,weekend,,-4,EDT,,
2031-10-13,Mon,normal,,-4,EDT,1949664600,1949688000
2031-10-14,Tue,normal,,-4,EDT,1949751000,1949774400
2031-10-15,Wed,normal,,-4,EDT,1949837400,1949860800
2031-10-16,Thu,normal,,-4,EDT,1949923800,1949947200
2031-10-17,Fri,normal,,-4,EDT,1950010200,1950033600
2031-10-18,Sat,weekend,,-4,EDT,,
2031-10-19,Sun,weekend,,-4,EDT,,
2031-10-20,Mon,normal,,-4,EDT,1950269400,1950292800
2031-10-21,Tue,normal,,-4,EDT,1950355800,1950379200
2031-10-22,Wed,normal,,-4,EDT,1950442200,1950465600
2031-10-23,Thu,normal,,-4,EDT,1950528600,1950552000
2031-10-24,Fri,normal,,-4,EDT,1950615000,1950638400
2031-10-25,Sat,weekend,,-4,EDT,,
2031-10-26,Sun,weekend,,-4,EDT,,
2031-10-27,Mon,normal,,-4,EDT,1950874200,1950897600
2031-10-28,Tue,normal,,-4,EDT,1950960600,1950984000
2031-10-29,Wed,normal,,-4,EDT,1951047000,1951070400
2031-10-30,Thu,normal,,-4,EDT,1951133400,1951156800
2031-10-31,Fri,normal,,-4,EDT,1951219800,1951243200
2031-11-01,Sat,weekend,,-4,EDT,,
2031-11-02,Sun,weekend,,-5,EST,,
2031-11-03,Mon,normal,,-5,EST,1951482600,1951506000
2031-11-04,Tue,normal,,-5,EST,1951569000,1951592400
2031-11-05,Wed,normal,,-5,EST,1951655400,1951678800
2031-11-06,Thu,normal,,-5,EST,1951741800,1951765200
2031-11-07,Fri,normal,,-5,EST,1951828200,1951851600
2031-11-08,Sat,weekend,,-5,EST,,
2031-11-09,Sun,weekend,,-5,EST,,
2031-11-10,Mon,normal,,-5,EST,1952087400,1952110800
2031-11-11,Tue,normal,,-5,EST,1952173800,1952197200
2031-11-12,Wed,normal,,-5,EST,1952260200,1952283600
2031-11-13,Thu,normal,,-5,EST,1952346600,1952370000
2031-11-14,Fri,normal,,-5,EST,1952433000,1952456400
2031-11-15,Sat,weekend,,-5,EST,,
2031-11-16,Sun,weekend,,-5,EST,,
2031-11-17,Mon,normal,,-5,EST,1952692200,1952715600
2031-11-18,Tue,normal,,-5,EST,1952778600,1952802000
2031-11-19,Wed,normal,,-5,EST,1952865000,1952888400
2031-11-20,Thu,normal,,-5,EST,1952951400,1952974800
2031-11-21,Fri,normal,,-5,EST,1953037800,1953061200
2031-11-22,Sat,weekend,,-5,EST,,
2031-11-23,Sun,weekend,,-5,EST,,
2031-11-24,Mon,normal,,-5,EST,1953297000,1953320400
2031-11-25,Tue,normal,,-5,EST,1953383400,1953406800
2031-11-26,Wed,normal,,-5,EST,1953469800,1953493200
2031-11-27,Thu,holiday,Thanksgiving Day,-5,EST,,
2031-11-28,Fri,early_close,Day after Thanksgiving,-5,EST,1953642600,1953655200
2031-11-29,Sat,weekend,,-5,EST,,
2031-11-30,Sun,weekend,,-5,EST,,
2031-12-01,Mon,normal,,-5,EST,1953901800,1953925200
2031-12-02,Tue,normal,,-5,EST,1953988200,1954011600
2031-12-03,Wed,normal,,-5,EST,1954074600,1954098000
2031-12-04,Thu,normal,,-5,EST,1954161000,1954184400
2031-12-05,Fri,normal,,-5,EST,1954247400,1954270800
2031-12-06,Sat,weekend,,-5,EST,,
2031-12-07,Sun,weekend,,-5,EST,,
2031-12-08,Mon,normal,,-5,EST,1954506600,1954530000
2031-12-09,Tue,normal,,-5,EST,1954593000,1954616400
2031-12-10,Wed,normal,,-5,EST,1954679400,1954702800
2031-12-11,Thu,normal,,-5,EST,1954765800,1954789200
2031-12-12,Fri,normal,,-5,EST,1954852200,1954875600
2031-12-13,Sat,weekend,,-5,EST,,
2031-12-14,Sun,weekend,,-5,EST,,
2031-12-15,Mon,normal,,-5,EST,1955111400,1955134800
2031-12-16,Tue,normal,,-5,EST,1955197800,1955221200
2031-12-17,Wed,normal,,-5,EST,1955284200,1955307600
2031-12-18,Thu,normal,,-5,EST,1955370600,1955394000
2031-12-19,Fri,normal,,-5,EST,1955457000,1955480400
2031-12-20,Sat,weekend,,-5,EST,,
2031-12-21,Sun,weekend,,-5,EST,,
2031-12-22,Mon,normal,,-5,EST,1955716200,1955739600
2031-12-23,Tue,normal,,-5,EST,1955802600,1955826000
2031-12-24,Wed,early_close,Christmas Eve,-5,EST,1955889000,1955901600
2031-12-25,Thu,holiday,Christmas Day,-5,EST,,
2031-12-26,Fri,normal,,-5,EST,1956061800,1956085200
2031-12-27,Sat,weekend,,-5,EST,,
2031-12-28,Sun,weekend,,-5,EST,,
2031-12-29,Mon,normal,,-5,EST,1956321000,1956344400
2031-12-30,Tue,normal,,-5,EST,1956407400,1956430800
2031-12-31,Wed,normal,,-5,EST,1956493800,1956517200
2032-01-01,Thu,holiday,New Year's Day,-5,EST,,
2032-01-02,Fri,normal,,-5,EST,1956666600,1956690000
2032-01-03,Sat,weekend,,-5,EST,,
2032-01-04,Sun,weekend,,-5,EST,,
2032-01-05,Mon,normal,,-5,EST,1956925800,1956949200
2032-01-06,Tue,normal,,-5,EST,1957012200,1957035600
2032-01-07,Wed,normal,,-5,EST,1957098600,1957122000
2032-01-08,Thu,normal,,-5,EST,1957185000,1957208400
2032-01-09,Fri,normal,,-5,EST,1957271400,1957294800
2032-01-10,Sat,weekend,,-5,EST,,
2032-01-11,Sun,weekend,,-5,EST,,
2032-01-12,Mon,normal,,-5,EST,1957530600,1957554000
2032-01-13,Tue,normal,,-5,EST,1957617000,1957640400
2032-01-14,Wed,normal,,-5,EST,1957703400,1957726800
2032-01-15,Thu,normal,,-5,EST,1957789800,1957813200
2032-01-16,Fri,normal,,-5,EST,1957876200,1957899600
2032-01-17,Sat,weekend,,-5,EST,,
2032-01-18,Sun,weekend,,-5,EST,,
2032-01-19,Mon,holiday,Martin Luther King Jr. Day,-5,EST,,
2032-01-20,Tue,normal,,-5,EST,1958221800,1958245200
2032-01-21,Wed,normal,,-5,EST,1958308200,1958331600
2032-01-22,Thu,normal,,-5,EST,1958394600,1958418000
2032-01-23,Fri,normal,,-5,EST,1958481000,1958504400
2032-01-24,Sat,weekend,,-5,EST,,
2032-01-25,Sun,weekend,,-5,EST,,
2032-01-26,Mon,normal,,-5,EST,1958740200,1958763600
2032-01-27,Tue,normal,,-5,EST,1958826600,1958850000
2032-01-28,Wed,normal,,-5,EST,1958913000,1958936400
2032-01-29,Thu,normal,,-5,EST,1958999400,1959022800
2032-01-30,Fri,normal,,-5,EST,1959085800,1959109200
2032-01-31,Sat,weekend,,-5,EST,,
2032-02-01,Sun,weekend,,-5,EST,,
2032-02-02,Mon,normal,,-5,EST,1959345000,1959368400
2032-02-03,Tue,normal,,-5,EST,1959431400,1959454800
2032-02-04,Wed,normal,,-5,EST,1959517800,1959541200
2032-02-05,Thu,normal,,-5,EST,1959604200,1959627600
2032-02-06,Fri,normal,,-5,EST,1959690600,1959714000
2032-02-07,Sat,weekend,,-5,EST,,
2032-02-08,Sun,weekend,,-5,EST,,
2032-02-09,Mon,normal,,-5,EST,1959949800,1959973200
2032-02-10,Tue,normal,,-5,EST,1960036200,1960059600
2032-02-11,Wed,normal,,-5,EST,1960122600,1960146000
2032-02-12,Thu,normal,,-5,EST,1960209000,1960232400
2032-02-13,Fri,normal,,-5,EST,1960295400,1960318800
2032-02-14,Sat,weekend,,-5,EST,,
2032-02-15,Sun,weekend,,-5,EST,,
2032-02-16,Mon,holiday,Washington's Birthday,-5,EST,,
2032-02-17,Tue,normal,,-5,EST,1960641000,1960664400
2032-02-18,Wed,normal,,-5,EST,1960727400,1960750800
2032-02-19,Thu,normal,,-5,EST,1960813800,1960837200
2032-02-20,Fri,normal,,-5,EST,1960900200,1960923600
2032-02-21,Sat,weekend,,-5,EST,,
2032-02-22,Sun,weekend,,-5,EST,,
2032-02-23,Mon,normal,,-5,EST,1961159400,1961182800
2032-02-24,Tue,normal,,-5,EST,1961245800,1961269200
2032-02-25,Wed,normal,,-5,EST,1961332200,1961355600
2032-02-26,Thu,normal,,-5,EST,1961418600,1961442000
2032-02-27,Fri,normal,,-5,EST,1961505000,1961528400
2032-02-28,Sat,weekend,,-5,EST,,
2032-02-29,Sun,weekend,,-5,EST,,
2032-03-01,Mon,normal,,-5,EST,1961764200,1961787600
2032-03-02,Tue,normal,,-5,EST,1961850600,1961874000
2032-03-03,Wed,normal,,-5,EST,1961937000,1961960400
2032-03-04,Thu,normal,,-5,EST,1962023400,1962046800
2032-03-05,Fri,normal,,-5,EST,1962109800,1962133200
2032-03-06,Sat,weekend,,-5,EST,,
2032-03-07,Sun,weekend,,-5,EST,,
2032-03-08,Mon,normal,,-5,EST,1962369000,1962392400
2032-03-09,Tue,normal,,-5,EST,1962455400,1962478800
2032-03-10,Wed,normal,,-5,EST,1962541800,1962565200
2032-03-11,Thu,normal,,-5,EST,1962628200,1962651600
2032-03-12,Fri,normal,,-5,EST,1962714600,1962738000
2032-03-13,Sat,weekend,,-5,EST,,
2032-03-14,Sun,weekend,,-4,EDT,,
2032-03-15,Mon,normal,,-4,EDT,1962970200,1962993600
2032-03-16,Tue,normal,,-4,EDT,1963056600,1963080000
2032-03-17,Wed,normal,,-4,EDT,1963143000,1963166400
2032-03-18,Thu,normal,,-4,EDT,1963229400,1963252800
2032-03-19,Fri,normal,,-4,EDT,1963315800,1963339200
2032-03-20,Sat,weekend,,-4,EDT,,
2032-03-21,Sun,weekend,,-4,EDT,,
2032-03-22,Mon,normal,,-4,EDT,1963575000,1963598400
2032-03-23,Tue,normal,,-4,EDT,1963661400,1963684800
2032-03-24,Wed,normal,,-4,EDT,1963747800,1963771200
2032-03-25,Thu,normal,,-4,EDT,1963834200,1963857600
2032-03-26,Fri,holiday,Good Friday,-4,EDT,,
2032-03-27,Sat,weekend,,-4,EDT,,
2032-03-28,Sun,weekend,,-4,EDT,,
2032-03-29,Mon,normal,,-4,EDT,1964179800,1964203200
2032-03-30,Tue,normal,,-4,EDT,1964266200,1964289600
2032-03-31,Wed,normal,,-4,EDT,1964352600,1964376000
2032-04-01,Thu,normal,,-4,EDT,1964439000,1964462400
2032-04-02,Fri,normal,,-4,EDT,1964525400,1964548800
2032-04-03,Sat,weekend,,-4,EDT,,
2032-04-04,Sun,weekend,,-4,EDT,,
2032-04-05,Mon,normal,,-4,EDT,1964784600,1964808000
2032-04-06,Tue,normal,,-4,EDT,1964871000,1964894400
2032-04-07,Wed,normal,,-4,EDT,1964957400,1964980800
2032-04-08,Thu,normal,,-4,EDT,1965043800,1965067200
2032-04-09,Fri,normal,,-4,EDT,1965130200,1965153600
2032-04-10,Sat,weekend,,-4,EDT,,
2032-04-11,Sun,weekend,,-4,EDT,,
2032-04-12,Mon,normal,,-4,EDT,1965389400,1965412800
2032-04-13,Tue,normal,,-4,EDT,1965475800,1965499200
2032-04-14,Wed,normal,,-4,EDT,1965562200,1965585600
2032-04-15,Thu,normal,,-4,EDT,1965648600,1965672000
2032-04-16,Fri,normal,,-4,EDT,1965735000,1965758400
2032-04-17,Sat,weekend,,-4,EDT,,
2032-04-18,Sun,weekend,,-4,EDT,,
2032-04-19,Mon,normal,,-4,EDT,1965994200,1966017600
2032-04-20,Tue,normal,,-4,EDT,1966080600,1966104000
2032-04-21,Wed,normal,,-4,EDT,1966167000,1966190400
2032-04-22,Thu,normal,,-4,EDT,1966253400,1966276800
2032-04-23,Fri,normal,,-4,EDT,1966339800,1966363200
2032-04-24,Sat,weekend,,-4,EDT,,
2032-04-25,Sun,weekend,,-4,EDT,,
2032-04-26,Mon,normal,,-4,EDT,1966599000,1966622400
2032-04-27,Tue,normal,,-4,EDT,1966685400,1966708800
2032-04-28,Wed,normal,,-4,EDT,1966771800,1966795200
2032-04-29,Thu,normal,,-4,EDT,1966858200,1966881600
2032-04-30,Fri,normal,,-4,EDT,1966944600,1966968000
2032-05-01,Sat,weekend,,-4,EDT,,
2032-05-02,Sun,weekend,,-4,EDT,,
2032-05-03,Mon,normal,,-4,EDT,1967203800,1967227200
2032-05-04,Tue,normal,,-4,EDT,1967290200,1967313600
2032-05-05,Wed,normal,,-4,EDT,1967376600,1967400000
2032-05-06,Thu,normal,,-4,EDT,1967463000,1967486400
2032-05-07,Fri,normal,,-4,EDT,1967549400,1967572800
2032-05-08,Sat,weekend,,-4,EDT,,
2032-05-09,Sun,weekend,,-4,EDT,,
2032-05-10,Mon,normal,,-4,EDT,1967808600,1967832000
2032-05-11,Tue,normal,,-4,EDT,1967895000,1967918400
2032-05-12,Wed,normal,,-4,EDT,1967981400,1968004800
2032-05-13,Thu,normal,,-4,EDT,1968067800,1968091200
2032-05-14,Fri,normal,,-4,EDT,1968154200,1968177600
2032-05-15,Sat,weekend,,-4,EDT,,
2032-05-16,Sun,weekend,,-4,EDT,,
2032-05-17,Mon,normal,,-4,EDT,1968413400,1968436800
2032-05-18,Tue,normal,,-4,EDT,1968499800,1968523200
2032-05-19,Wed,normal,,-4,EDT,1968586200,1968609600
2032-05-20,Thu,normal,,-4,EDT,1968672600,1968696000
2032-05-21,Fri,normal,,-4,EDT,1968759000,1968782400
2032-05-22,Sat,weekend,,-4,EDT,,
2032-05-23,Sun,weekend,,-4,EDT,,
2032-05-24,Mon,normal,,-4,EDT,1969018200,1969041600
2032-05-25,Tue,normal,,-4,EDT,1969104600,1969128000
2032-05-26,Wed,normal,,-4,EDT,1969191000,1969214400
2032-05-27,Thu,normal,,-4,EDT,1969277400,1969300800
2032-05-28,Fri,normal,,-4,EDT,1969363800,1969387200
2032-05-29,Sat,weekend,,-4,EDT,,
2032-05-30,Sun,weekend,,-4,EDT,,
2032-05-31,Mon,holiday,Memorial Day,-4,EDT,,
2032-06-01,Tue,normal,,-4,EDT,1969709400,1969732800
2032-06-02,Wed,normal,,-4,EDT,1969795800,1969819200
2032-06-03,Thu,normal,,-4,EDT,1969882200,1969905600
2032-06-04,Fri,normal,,-4,EDT,1969968600,1969992000
2032-06-05,Sat,weekend,,-4,EDT,,
2032-06-06,Sun,weekend,,-4,EDT,,
2032-06-07,Mon,normal,,-4,EDT,1970227800,1970251200
2032-06-08,Tue,normal,,-4,EDT,1970314200,1970337600
2032-06-09,Wed,normal,,-4,EDT,1970400600,1970424000
2032-06-10,Thu,normal,,-4,EDT,1970487000,1970510400
2032-06-11,Fri,normal,,-4,EDT,1970573400,1970596800
2032-06-12,Sat,weekend,,-4,EDT,,
2032-06-13,Sun,weekend,,-4,EDT,,
2032-06-14,Mon,normal,,-4,EDT,1970832600,1970856000
2032-06-15,Tue,normal,,-4,EDT,1970919000,1970942400
2032-06-16,Wed,normal,,-4,EDT,1971005400,1971028800
2032-06-17,Thu,normal,,-4,EDT,1971091800,1971115200
2032-06-18,Fri,holiday,Juneteenth National Independence Day,-4,EDT,,
2032-06-19,Sat,weekend,,-4,EDT,,
2032-06-20,Sun,weekend,,-4,EDT,,
2032-06-21,Mon,normal,,-4,EDT,1971437400,1971460800
2032-06-22,Tue,normal,,-4,EDT,1971523800,1971547200
2032-06-23,Wed,normal,,-4,EDT,1971610200,1971633600
2032-06-24,Thu,normal,,-4,EDT,1971696600,1971720000
2032-06-25,Fri,normal,,-4,EDT,1971783000,1971806400
2032-06-26,Sat,weekend,,-4,EDT,,
2032-06-27,Sun,weekend,,-4,EDT,,
2032-06-28,Mon,normal,,-4,EDT,1972042200,1972065600
2032-06-29,Tue,normal,,-4,EDT,1972128600,1972152000
2032-06-30,Wed,normal,,-4,EDT,1972215000,1972238400
2032-07-01,Thu,normal,,-4,EDT,1972301400,1972324800
2032-07-02,Fri,normal,,-4,EDT,1972387800,1972411200
2032-07-03,Sat,weekend,,-4,EDT,,
2032-07-04,Sun,weekend,,-4,EDT,,
2032-07-05,Mon,holiday,Independence Day,-4,EDT,,
2032-07-06,Tue,normal,,-4,EDT,1972733400,1972756800
2032-07-07,Wed,normal,,-4,EDT,1972819800,1972843200
2032-07-08,Thu,normal,,-4,EDT,1972906200,1972929600
2032-07-09,Fri,normal,,-4,EDT,1972992600,1973016000
2032-07-10,Sat,weekend,,-4,EDT,,
2032-07-11,Sun,weekend,,-4,EDT,,
2032-07-12,Mon,normal,,-4,EDT,1973251800,1973275200
2032-07-13,Tue,normal,,-4,EDT,1973338200,1973361600
2032-07-14,Wed,normal,,-4,EDT,1973424600,1973448000
2032-07-15,Thu,normal,,-4,EDT,1973511000,1973534400
2032-07-16,Fri,normal,,-4,EDT,1973597400,1973620800
2032-07-17,Sat,weekend,,-4,EDT,,
2032-07-18,Sun,weekend,,-4,EDT,,
2032-07-19,Mon,normal,,-4,EDT,1973856600,1973880000
2032-07-20,Tue,normal,,-4,EDT,1973943000,1973966400
2032-07-21,Wed,normal,,-4,EDT,1974029400,1974052800
2032-07-22,Thu,normal,,-4,EDT,1974115800,1974139200
2032-07-23,Fri,normal,,-4,EDT,1974202200,1974225600
2032-07-24,Sat,weekend,,-4,EDT,,
2032-07-25,Sun,weekend,,-4,EDT,,
2032-07-26,Mon,normal,,-4,EDT,1974461400,1974484800
2032-07-27,Tue,normal,,-4,EDT,1974547800,1974571200
2032-07-28,Wed,normal,,-4,EDT,1974634200,1974657600
2032-07-29,Thu,normal,,-4,EDT,1974720600,1974744000
2032-07-30,Fri,normal,,-4,EDT,1974807000,1974830400
2032-07-31,Sat,weekend,,-4,EDT,,
2032-08-01,Sun,weekend,,-4,EDT,,
2032-08-02,Mon,normal,,-4,EDT,1975066200,1975089600
2032-08-03,Tue,normal,,-4,EDT,1975152600,1975176000
2032-08-04,Wed,normal,,-4,EDT,1975239000,1975262400
2032-08-05,Thu,normal,,-4,EDT,1975325400,1975348800
2032-08-06,Fri,normal,,-4,EDT,1975411800,1975435200
2032-08-07,Sat,weekend,,-4,EDT,,
2032-08-08,Sun,weekend,,-4,EDT,,
2032-08-09,Mon,normal,,-4,EDT,1975671000,1975694400
2032-08-10,Tue,normal,,-4,EDT,1975757400,1975780800
2032-08-11,Wed,normal,,-4,EDT,1975843800,1975867200
2032-08-12,Thu,normal,,-4,EDT,1975930200,1975953600
2032-08-13,Fri,normal,,-4,EDT,1976016600,1976040000
2032-08-14,Sat,weekend,,-4,EDT,,
2032-08-15,Sun,weekend,,-4,EDT,,
2032-08-16,Mon,normal,,-4,EDT,1976275800,1976299200
2032-08-17,Tue,normal,,-4,EDT,1976362200,1976385600
2032-08-18,Wed,normal,,-4,EDT,1976448600,1976472000
2032-08-19,Thu,normal,,-4,EDT,1976535000,1976558400
2032-08-20,Fri,normal,,-4,EDT,1976621400,1976644800
2032-08-21,Sat,weekend,,-4,EDT,,
2032-08-22,Sun,weekend,,-4,EDT,,
2032-08-23,Mon,normal,,-4,EDT,1976880600,1976904000
2032-08-24,Tue,normal,,-4,EDT,1976967000,1976990400
2032-08-25,Wed,normal,,-4,EDT,1977053400,1977076800
2032-08-26,Thu,normal,,-4,EDT,1977139800,1977163200
2032-08-27,Fri,normal,,-4,EDT,1977226200,1977249600
2032-08-28,Sat,weekend,,-4,EDT,,
2032-08-29,Sun,weekend,,-4,EDT,,
2032-08-30,Mon,normal,,-4,EDT,1977485400,1977508800
2032-08-31,Tue,normal,,-4,EDT,1977571800,1977595200
2032-09-01,Wed,normal,,-4,EDT,1977658200,1977681600
2032-09-02,Thu,normal,,-4,EDT,1977744600,1977768000
2032-09-03,Fri,normal,,-4,EDT,1977831000,1977854400
2032-09-04,Sat,weekend,,-4,EDT,,
2032-09-05,Sun,weekend,,-4,EDT,,
2032-09-06,Mon,holiday,Labor Day,-4,EDT,,
2032-09-07,Tue,normal,,-4,EDT,1978176600,1978200000
2032-09-08,Wed,normal,,-4,EDT,1978263000,1978286400
2032-09-09,Thu,normal,,-4,EDT,1978349400,1978372800
2032-09-10,Fri,normal,,-4,EDT,1978435800,1978459200
2032-09-11,Sat,weekend,,-4,EDT,,
2032-09-12,Sun,weekend,,-4,EDT,,
2032-09-13,Mon,normal,,-4,EDT,1978695000,1978718400
2032-09-14,Tue,normal,,-4,EDT,1978781400,1978804800
2032-09-15,Wed,normal,,-4,EDT,1978867800,1978891200
2032-09-16,Thu,normal,,-4,EDT,1978954200,1978977600
2032-09-17,Fri,normal,,-4,EDT,1979040600,1979064000
2032-09-18,Sat,weekend,,-4,EDT,,
2032-09-19,Sun,weekend,,-4,EDT,,
2032-09-20,Mon,normal,,-4,EDT,1979299800,1979323200
2032-09-21,Tue,normal,,-4,EDT,1979386200,1979409600
2032-09-22,Wed,normal,,-4,EDT,1979472600,1979496000
2032-09-23,Thu,normal,,-4,EDT,1979559000,1979582400
2032-09-24,Fri,normal,,-4,EDT,1979645400,1979668800
2032-09-25,Sat,weekend,,-4,EDT,,
2032-09-26,Sun,weekend,,-4,EDT,,
2032-09-27,Mon,normal,,-4,EDT,1979904600,1979928000
2032-09-28,Tue,normal,,-4,EDT,1979991000,1980014400
2032-09-29,Wed,normal,,-4,EDT,1980077400,1980100800
2032-09-30,Thu,normal,,-4,EDT,1980163800,1980187200
2032-10-01,Fri,normal,,-4,EDT,1980250200,1980273600
2032-10-02,Sat,weekend,,-4,EDT,,
2032-10-03,Sun,weekend,,-4,EDT,,
2032-10-04,Mon,normal,,-4,EDT,1980509400,1980532800
2032-10-05,Tue,normal,,-4,EDT,1980595800,1980619200
2032-10-06,Wed,normal,,-4,EDT,1980682200,1980705600
2032-10-07,Thu,normal,,-4,EDT,1980768600,1980792000
2032-10-08,Fri,normal,,-4,EDT,1980855000,1980878400
2032-10-09,Sat,weekend,,-4,EDT,,
2032-10-10,Sun,weekend,,-4,EDT,,
2032-10-11,Mon,normal,,-4,EDT,1981114200,1981137600
2032-10-12,Tue,normal,,-4,EDT,1981200600,1981224000
2032-10-13,Wed,normal,,-4,EDT,1981287000,1981310400
2032-10-14,Thu,normal,,-4,EDT,1981373400,1981396800
2032-10-15,Fri,normal,,-4,EDT,1981459800,1981483200
2032-10-16,Sat,weekend,,-4,EDT,,
2032-10-17,Sun,weekend,,-4,EDT,,
2032-10-18,Mon,normal,,-4,EDT,1981719000,1981742400
2032-10-19,Tue,normal,,-4,EDT,1981805400,1981828800
2032-10-20,Wed,normal,,-4,EDT,1981891800,1981915200
2032-10-21,Thu,normal,,-4,EDT,1981978200,1982001600
2032-10-22,Fri,normal,,-4,EDT,1982064600,1982088000
2032-10-23,Sat,weekend,,-4,EDT,,
2032-10-24,Sun,weekend,,-4,EDT,,
2032-10-25,Mon,normal,,-4,EDT,1982323800,1982347200
2032-10-26,Tue,normal,,-4,EDT,1982410200,1982433600
2032-10-27,Wed,normal,,-4,EDT,1982496600,1982520000
2032-10-28,Thu,normal,,-4,EDT,1982583000,1982606400
2032-10-29,Fri,normal,,-4,EDT,1982669400,1982692800
2032-10-30,Sat,weekend,,-4,EDT,,
2032-10-31,Sun,weekend,,-4,EDT,,
2032-11-01,Mon,normal,,-4,EDT,1982928600,1982952000
2032-11-02,Tue,normal,,-4,EDT,1983015000,1983038400
2032-11-03,Wed,normal,,-4,EDT,1983101400,1983124800
2032-11-04,Thu,normal,,-4,EDT,1983187800,1983211200
2032-11-05,Fri,normal,,-4,EDT,1983274200,1983297600
2032-11-06,Sat,weekend,,-4,EDT,,
2032-11-07,Sun,weekend,,-5,EST,,
2032-11-08,Mon,normal,,-5,EST,1983537000,1983560400
2032-11-09,Tue,normal,,-5,EST,1983623400,1983646800
2032-11-10,Wed,normal,,-5,EST,1983709800,1983733200
2032-11-11,Thu,normal,,-5,EST,1983796200,1983819600
2032-11-12,Fri,normal,,-5,EST,1983882600,1983906000
2032-11-13,Sat,weekend,,-5,EST,,
2032-11-14,Sun,weekend,,-5,EST,,
2032-11-15,Mon,normal,,-5,EST,1984141800,1984165200
2032-11-16,Tue,normal,,-5,EST,1984228200,1984251600
2032-11-17,Wed,normal,,-5,EST,1984314600,1984338000
2032-11-18,Thu,normal,,-5,EST,1984401000,1984424400
2032-11-19,Fri,normal,,-5,EST,1984487400,1984510800
2032-11-20,Sat,weekend,,-5,EST,,
2032-11-21,Sun,weekend,,-5,EST,,
2032-11-22,Mon,normal,,-5,EST,1984746600,1984770000
2032-11-23,Tue,normal,,-5,EST,1984833000,1984856400
2032-11-24,Wed,normal,,-5,EST,1984919400,1984942800
2032-11-25,Thu,holiday,Thanksgiving Day,-5,EST,,
2032-11-26,Fri,early_close,Day after Thanksgiving,-5,EST,1985092200,1985104800
2032-11-27,Sat,weekend,,-5,EST,,
2032-11-28,Sun,weekend,,-5,EST,,
2032-11-29,Mon,normal,,-5,EST,1985351400,1985374800
2032-11-30,Tue,normal,,-5,EST,1985437800,1985461200
2032-12-01,Wed,normal,,-5,EST,1985524200,1985547600
2032-12-02,Thu,normal,,-5,EST,1985610600,1985634000
2032-12-03,Fri,normal,,-5,EST,1985697000,1985720400
2032-12-04,Sat,weekend,,-5,EST,,
2032-12-05,Sun,weekend,,-5,EST,,
2032-12-06,Mon,normal,,-5,EST,1985956200,1985979600
2032-12-07,Tue,normal,,-5,EST,1986042600,1986066000
2032-12-08,Wed,normal,,-5,EST,1986129000,1986152400
2032-12-09,Thu,normal,,-5,EST,1986215400,1986238800
2032-12-10,Fri,normal,,-5,EST,1986301800,1986325200
2032-12-11,Sat,weekend,,-5,EST,,
2032-12-12,Sun,weekend,,-5,EST,,
2032-12-13,Mon,normal,,-5,EST,1986561000,1986584400
2032-12-14,Tue,normal,,-5,EST,1986647400,1986670800
2032-12-15,Wed,normal,,-5,EST,1986733800,1986757200
2032-12-16,Thu,normal,,-5,EST,1986820200,1986843600
2032-12-17,Fri,normal,,-5,EST,1986906600,1986930000
2032-12-18,Sat,weekend,,-5,EST,,
2032-12-19,Sun,weekend,,-5,EST,,
2032-12-20,Mon,normal,,-5,EST,1987165800,1987189200
2032-12-21,Tue,normal,,-5,EST,1987252200,1987275600
2032-12-22,Wed,normal,,-5,EST,1987338600,1987362000
2032-12-23,Thu,normal,,-5,EST,1987425000,1987448400
2032-12-24,Fri,holiday,Christmas Day,-5,EST,,
2032-12-25,Sat,weekend,,-5,EST,,
2032-12-26,Sun,weekend,,-5,EST,,
2032-12-27,Mon,normal,,-5,EST,1987770600,1987794000
2032-12-28,Tue,normal,,-5,EST,1987857000,1987880400
2032-12-29,Wed,normal,,-5,EST,1987943400,1987966800
2032-12-30,Thu,normal,,-5,EST,1988029800,1988053200
2032-12-31,Fri,normal,,-5,EST,1988116200,1988139600
2033-01-01,Sat,weekend,,-5,EST,,
2033-01-02,Sun,weekend,,-5,EST,,
2033-01-03,Mon,normal,,-5,EST,1988375400,1988398800
2033-01-04,Tue,normal,,-5,EST,1988461800,1988485200
2033-01-05,Wed,normal,,-5,EST,1988548200,1988571600
2033-01-06,Thu,normal,,-5,EST,1988634600,1988658000
2033-01-07,Fri,normal,,-5,EST,1988721000,1988744400
2033-01-08,Sat,weekend,,-5,EST,,
2033-01-09,Sun,weekend,,-5,EST,,
2033-01-10,Mon,normal,,-5,EST,1988980200,1989003600
2033-01-11,Tue,normal,,-5,EST,1989066600,1989090000
2033-01-12,Wed,normal,,-5,EST,1989153000,1989176400
2033-01-13,Thu,normal,,-5,EST,1989239400,1989262800
2033-01-14,Fri,normal,,-5,EST,1989325800,1989349200
2033-01-15,Sat,weekend,,-5,EST,,
2033-01-16,Sun,weekend,,-5,EST,,
2033-01-17,Mon,holiday,Martin Luther King Jr. Day,-5,EST,,
2033-01-18,Tue,normal,,-5,EST,1989671400,1989694800
2033-01-19,Wed,normal,,-5,EST,1989757800,1989781200
2033-01-20,Thu,normal,,-5,EST,1989844200,1989867600
2033-01-21,Fri,normal,,-5,EST,1989930600,1989954000
2033-01-22,Sat,weekend,,-5,EST,,
2033-01-23,Sun,weekend,,-5,EST,,
2033-01-24,Mon,normal,,-5,EST,1990189800,1990213200
2033-01-25,Tue,normal,,-5,EST,1990276200,1990299600
2033-01-26,Wed,normal,,-5,EST,1990362600,1990386000
2033-01-27,Thu,normal,,-5,EST,1990449000,1990472400
2033-01-28,Fri,normal,,-5,EST,1990535400,1990558800
2033-01-29,Sat,weekend,,-5,EST,,
2033-01-30,Sun,weekend,,-5,EST,,
2033-01-31,Mon,normal,,-5,EST,1990794600,1990818000
2033-02-01,Tue,normal,,-5,EST,1990881000,1990904400
2033-02-02,Wed,normal,,-5,EST,1990967400,1990990800
2033-02-03,Thu,normal,,-5,EST,1991053800,1991077200
2033-02-04,Fri,normal,,-5,EST,1991140200,1991163600
2033-02-05,Sat,weekend,,-5,EST,,
2033-02-06,Sun,weekend,,-5,EST,,
2033-02-07,Mon,normal,,-5,EST,1991399400,1991422800
2033-02-08,Tue,normal,,-5,EST,1991485800,1991509200
2033-02-09,Wed,normal,,-5,EST,1991572200,1991595600
2033-02-10,Thu,normal,,-5,EST,1991658600,1991682000
2033-02-11,Fri,normal,,-5,EST,1991745000,1991768400
2033-02-12,Sat,weekend,,-5,EST,,
2033-02-13,Sun,weekend,,-5,EST,,
2033-02-14,Mon,normal,,-5,EST,1992004200,1992027600
2033-02-15,Tue,normal,,-5,EST,1992090600,1992114000
2033-02-16,Wed,normal,,-5,EST,1992177000,1992200400
2033-02-17,Thu,normal,,-5,EST,1992263400,1992286800
2033-02-18,Fri,normal,,-5,EST,1992349800,1992373200
2033-02-19,Sat,weekend,,-5,EST,,
2033-02-20,Sun,weekend,,-5,EST,,
2033-02-21,Mon,holiday,Washington's Birthday,-5,EST,,
2033-02-22,Tue,normal,,-5,EST,1992695400,1992718800
2033-02-23,Wed,normal,,-5,EST,1992781800,1992805200
2033-02-24,Thu,normal,,-5,EST,1992868200,1992891600
2033-02-25,Fri,normal,,-5,EST,1992954600,1992978000
2033-02-26,Sat,weekend,,-5,EST,,
2033-02-27,Sun,weekend,,-5,EST,,
2033-02-28,Mon,normal,,-5,EST,1993213800,1993237200
2033-03-01,Tue,normal,,-5,EST,1993300200,1993323600
2033-03-02,Wed,normal,,-5,EST,1993386600,1993410000
2033-03-03,Thu,normal,,-5,EST,1993473000,1993496400
2033-03-04,Fri,normal,,-5,EST,1993559400,1993582800
2033-03-05,Sat,weekend,,-5,EST,,
2033-03-06,Sun,weekend,,-5,EST,,
2033-03-07,Mon,normal,,-5,EST,1993818600,1993842000
2033-03-08,Tue,normal,,-5,EST,1993905000,1993928400
2033-03-09,Wed,normal,,-5,EST,1993991400,1994014800
2033-03-10,Thu,normal,,-5,EST,1994077800,1994101200
2033-03-11,Fri,normal,,-5,EST,1994164200,1994187600
2033-03-12,Sat,weekend,,-5,EST,,
2033-03-13,Sun,weekend,,-4,EDT,,
2033-03-14,Mon,normal,,-4,EDT,1994419800,1994443200
2033-03-15,Tue,normal,,-4,EDT,1994506200,1994529600
2033-03-16,Wed,normal,,-4,EDT,1994592600,1994616000
2033-03-17,Thu,normal,,-4,EDT,1994679000,1994702400
2033-03-18,Fri,normal,,-4,EDT,1994765400,1994788800
2033-03-19,Sat,weekend,,-4,EDT,,
2033-03-20,Sun,weekend,,-4,EDT,,
2033-03-21,Mon,normal,,-4,EDT,1995024600,1995048000
2033-03-22,Tue,normal,,-4,EDT,1995111000,1995134400
2033-03-23,Wed,normal,,-4,EDT,1995197400,1995220800
2033-03-24,Thu,normal,,-4,EDT,1995283800,1995307200
2033-03-25,Fri,normal,,-4,EDT,1995370200,1995393600
2033-03-26,Sat,weekend,,-4,EDT,,
2033-03-27,Sun,weekend,,-4,EDT,,
2033-03-28,Mon,normal,,-4,EDT,1995629400,1995652800
2033-03-29,Tue,normal,,-4,EDT,1995715800,1995739200
2033-03-30,Wed,normal,,-4,EDT,1995802200,1995825600
2033-03-31,Thu,normal,,-4,EDT,1995888600,1995912000
2033-04-01,Fri,normal,,-4,EDT,1995975000,1995998400
2033-04-02,Sat,weekend,,-4,EDT,,
2033-04-03,Sun,weekend,,-4,EDT,,
2033-04-04,Mon,normal,,-4,EDT,1996234200,1996257600
2033-04-05,Tue,normal,,-4,EDT,1996320600,1996344000
2033-04-06,Wed,normal,,-4,EDT,1996407000,1996430400
2033-04-07,Thu,normal,,-4,EDT,1996493400,1996516800
2033-04-08,Fri,normal,,-4,EDT,1996579800,1996603200
2033-04-09,Sat,weekend,,-4,EDT,,
2033-04-10,Sun,weekend,,-4,EDT,,
2033-04-11,Mon,normal,,-4,EDT,1996839000,1996862400
2033-04-12,Tue,normal,,-4,EDT,1996925400,1996948800
2033-04-13,Wed,normal,,-4,EDT,1997011800,1997035200
2033-04-14,Thu,normal,,-4,EDT,1997098200,1997121600
2033-04-15,Fri,holiday,Good Friday,-4,EDT,,
2033-04-16,Sat,weekend,,-4,EDT,,
2033-04-17,Sun,weekend,,-4,EDT,,
2033-04-18,Mon,normal,,-4,EDT,1997443800,1997467200
2033-04-19,Tue,normal,,-4,EDT,1997530200,1997553600
2033-04-20,Wed,normal,,-4,EDT,1997616600,1997640000
2033-04-21,Thu,normal,,-4,EDT,1997703000,1997726400
2033-04-22,Fri,normal,,-4,EDT,1997789400,1997812800
2033-04-23,Sat,weekend,,-4,EDT,,
2033-04-24,Sun,weekend,,-4,EDT,,
2033-04-25,Mon,normal,,-4,EDT,1998048600,1998072000
2033-04-26,Tue,normal,,-4,EDT,1998135000,1998158400
2033-04-27,Wed,normal,,-4,EDT,1998221400,1998244800
2033-04-28,Thu,normal,,-4,EDT,1998307800,1998331200
2033-04-29,Fri,normal,,-4,EDT,1998394200,1998417600
2033-04-30,Sat,weekend,,-4,EDT,,
2033-05-01,Sun,weekend,,-4,EDT,,
2033-05-02,Mon,normal,,-4,EDT,1998653400,1998676800
2033-05-03,Tue,normal,,-4,EDT,1998739800,1998763200
2033-05-04,Wed,normal,,-4,EDT,1998826200,1998849600
2033-05-05,Thu,normal,,-4,EDT,1998912600,1998936000
2033-05-06,Fri,normal,,-4,EDT,1998999000,1999022400
2033-05-07,Sat,weekend,,-4,EDT,,
2033-05-08,Sun,weekend,,-4,EDT,,
2033-05-09,Mon,normal,,-4,EDT,1999258200,1999281600
2033-05-10,Tue,normal,,-4,EDT,1999344600,1999368000
2033-05-11,Wed,normal,,-4,EDT,1999431000,1999454400
2033-05-12,Thu,normal,,-4,EDT,1999517400,1999540800
2033-05-13,Fri,normal,,-4,EDT,1999603800,1999627200
2033-05-14,Sat,weekend,,-4,EDT,,
2033-05-15,Sun,weekend,,-4,EDT,,
2033-05-16,Mon,normal,,-4,EDT,1999863000,1999886400
2033-05-17,Tue,normal,,-4,EDT,1999949400,1999972800
2033-05-18,Wed,normal,,-4,EDT,2000035800,2000059200
2033-05-19,Thu,normal,,-4,EDT,2000122200,2000145600
2033-05-20,Fri,normal,,-4,EDT,2000208600,2000232000
2033-05-21,Sat,weekend,,-4,EDT,,
2033-05-22,Sun,weekend,,-4,EDT,,
2033-05-23,Mon,normal,,-4,EDT,2000467800,2000491200
2033-05-24,Tue,normal,,-4,EDT,2000554200,2000577600
2033-05-25,Wed,normal,,-4,EDT,2000640600,2000664000
2033-05-26,Thu,normal,,-4,EDT,2000727000,2000750400
2033-05-27,Fri,normal,,-4,EDT,2000813400,2000836800
2033-05-28,Sat,weekend,,-4,EDT,,
2033-05-29,Sun,weekend,,-4,EDT,,
2033-05-30,Mon,holiday,Memorial Day,-4,EDT,,
2033-05-31,Tue,normal,,-4,EDT,2001159000,2001182400
2033-06-01,Wed,normal,,-4,EDT,2001245400,2001268800
2033-06-02,Thu,normal,,-4,EDT,2001331800,2001355200
2033-06-03,Fri,normal,,-4,EDT,2001418200,2001441600
2033-06-04,Sat,weekend,,-4,EDT,,
2033-06-05,Sun,weekend,,-4,EDT,,
2033-06-06,Mon,normal,,-4,EDT,2001677400,2001700800
2033-06-07,Tue,normal,,-4,EDT,2001763800,2001787200
2033-06-08,Wed,normal,,-4,EDT,2001850200,2001873600
2033-06-09,Thu,normal,,-4,EDT,2001936600,2001960000
2033-06-10,Fri,normal,,-4,EDT,2002023000,2002046400
2033-06-11,Sat,weekend,,-4,EDT,,
2033-06-12,Sun,weekend,,-4,EDT,,
2033-06-13,Mon,normal,,-4,EDT,2002282200,2002305600
2033-06-14,Tue,normal,,-4,EDT,2002368600,2002392000
2033-06-15,Wed,normal,,-4,EDT,2002455000,2002478400
2033-06-16,Thu,normal,,-4,EDT,2002541400,2002564800
2033-06-17,Fri,normal,,-4,EDT,2002627800,2002651200
2033-06-18,Sat,weekend,,-4,EDT,,
2033-06-19,Sun,weekend,,-4,EDT,,
2033-06-20,Mon,holiday,Juneteenth National Independence Day,-4,EDT,,
2033-06-21,Tue,normal,,-4,EDT,2002973400,2002996800
2033-06-22,Wed,normal,,-4,EDT,2003059800,2003083200
2033-06-23,Thu,normal,,-4,EDT,2003146200,2003169600
2033-06-24,Fri,normal,,-4,EDT,2003232600,2003256000
2033-06-25,Sat,weekend,,-4,EDT,,
2033-06-26,Sun,weekend,,-4,EDT,,
2033-06-27,Mon,normal,,-4,EDT,2003491800,2003515200
2033-06-28,Tue,normal,,-4,EDT,2003578200,2003601600
2033-06-29,Wed,normal,,-4,EDT,2003664600,2003688000
2033-06-30,Thu,normal,,-4,EDT,2003751000,2003774400
2033-07-01,Fri,normal,,-4,EDT,2003837400,2003860800
2033-07-02,Sat,weekend,,-4,EDT,,
2033-07-03,Sun,weekend,,-4,EDT,,
2033-07-04,Mon,holiday,Independence Day,-4,EDT,,
2033-07-05,Tue,normal,,-4,EDT,2004183000,2004206400
2033-07-06,Wed,normal,,-4,EDT,2004269400,2004292800
2033-07-07,Thu,normal,,-4,EDT,2004355800,2004379200
2033-07-08,Fri,normal,,-4,EDT,2004442200,2004465600
2033-07-09,Sat,weekend,,-4,EDT,,
2033-07-10,Sun,weekend,,-4,EDT,,
2033-07-11,Mon,normal,,-4,EDT,2004701400,2004724800
2033-07-12,Tue,normal,,-4,EDT,2004787800,2004811200
2033-07-13,Wed,normal,,-4,EDT,2004874200,2004897600
2033-07-14,Thu,normal,,-4,EDT,2004960600,2004984000
2033-07-15,Fri,normal,,-4,EDT,2005047000,2005070400
2033-07-16,Sat,weekend,,-4,EDT,,
2033-07-17,Sun,weekend,,-4,EDT,,
2033-07-18,Mon,normal,,-4,EDT,2005306200,2005329600
2033-07-19,Tue,normal,,-4,EDT,2005392600,2005416000
2033-07-20,Wed,normal,,-4,EDT,2005479000,2005502400
2033-07-21,Thu,normal,,-4,EDT,2005565400,2005588800
2033-07-22,Fri,normal,,-4,EDT,2005651800,2005675200
2033-07-23,Sat,weekend,,-4,EDT,,
2033-07-24,Sun,weekend,,-4,EDT,,
2033-07-25,Mon,normal,,-4,EDT,2005911000,2005934400
2033-07-26,Tue,normal,,-4,EDT,2005997400,2006020800
2033-07-27,Wed,normal,,-4,EDT,2006083800,2006107200
2033-07-28,Thu,normal,,-4,EDT,2006170200,2006193600
2033-07-29,Fri,normal,,-4,EDT,2006256600,2006280000
2033-07-30,Sat,weekend,,-4,EDT,,
2033-07-31,Sun,weekend,,-4,EDT,,
2033-08-01,Mon,normal,,-4,EDT,2006515800,2006539200
2033-08-02,Tue,normal,,-4,EDT,2006602200,2006625600
2033-08-03,Wed,normal,,-4,EDT,2006688600,2006712000
2033-08-04,Thu,normal,,-4,EDT,2006775000,2006798400
2033-08-05,Fri,normal,,-4,EDT,2006861400,2006884800
2033-08-06,Sat,weekend,,-4,EDT,,
2033-08-07,Sun,weekend,,-4,EDT,,
2033-08-08,Mon,normal,,-4,EDT,2007120600,2007144000
2033-08-09,Tue,normal,,-4,EDT,2007207000,2007230400
2033-08-10,Wed,normal,,-4,EDT,2007293400,2007316800
2033-08-11,Thu,normal,,-4,EDT,2007379800,2007403200
2033-08-12,Fri,normal,,-4,EDT,2007466200,2007489600
2033-08-13,Sat,weekend,,-4,EDT,,
2033-08-14,Sun,weekend,,-4,EDT,,
2033-08-15,Mon,normal,,-4,EDT,2007725400,2007748800
2033-08-16,Tue,normal,,-4,EDT,2007811800,2007835200
2033-08-17,Wed,normal,,-4,EDT,2007898200,2007921600
2033-08-18,Thu,normal,,-4,EDT,2007984600,2008008000
2033-08-19,Fri,normal,,-4,EDT,2008071000,2008094400
2033-08-20,Sat,weekend,,-4,EDT,,
2033-08-21,Sun,weekend,,-4,EDT,,
2033-08-22,Mon,normal,,-4,EDT,2008330200,2008353600
2033-08-23,Tue,normal,,-4,EDT,2008416600,2008440000
2033-08-24,Wed,normal,,-4,EDT,2008503000,2008526400
2033-08-25,Thu,normal,,-4,EDT,2008589400,2008612800
2033-08-26,Fri,normal,,-4,EDT,2008675800,2008699200
2033-08-27,Sat,weekend,,-4,EDT,,
2033-08-28,Sun,weekend,,-4,EDT,,
2033-08-29,Mon,normal,,-4,EDT,2008935000,2008958400
2033-08-30,Tue,normal,,-4,EDT,2009021400,2009044800
2033-08-31,Wed,normal,,-4,EDT,2009107800,2009131200
2033-09-01,Thu,normal,,-4,EDT,2009194200,2009217600
2033-09-02,Fri,normal,,-4,EDT,2009280600,2009304000
2033-09-03,Sat,weekend,,-4,EDT,,
2033-09-04,Sun,weekend,,-4,EDT,,
2033-09-05,Mon,holiday,Labor Day,-4,EDT,,
2033-09-06,Tue,normal,,-4,EDT,2009626200,2009649600
2033-09-07,Wed,normal,,-4,EDT,2009712600,2009736000
2033-09-08,Thu,normal,,-4,EDT,2009799000,2009822400
2033-09-09,Fri,normal,,-4,EDT,2009885400,2009908800
2033-09-10,Sat,weekend,,-4,EDT,,
2033-09-11,Sun,weekend,,-4,EDT,,
2033-09-12,Mon,normal,,-4,EDT,2010144600,2010168000
2033-09-13,Tue,normal,,-4,EDT,2010231000,2010254400
2033-09-14,Wed,normal,,-4,EDT,2010317400,2010340800
2033-09-15,Thu,normal,,-4,EDT,2010403800,2010427200
2033-09-16,Fri,normal,,-4,EDT,2010490200,2010513600
2033-09-17,Sat,weekend,,-4,EDT,,
2033-09-18,Sun,weekend,,-4,EDT,,
2033-09-19,Mon,normal,,-4,EDT,2010749400,2010772800
2033-09-20,Tue,normal,,-4,EDT,2010835800,2010859200
2033-09-21,Wed,normal,,-4,EDT,2010922200,2010945600
2033-09-22,Thu,normal,,-4,EDT,2011008600,2011032000
2033-09-23,Fri,normal,,-4,EDT,2011095000,2011118400
2033-09-24,Sat,weekend,,-4,EDT,,
2033-09-25,Sun,weekend,,-4,EDT,,
2033-09-26,Mon,normal,,-4,EDT,2011354200,2011377600
2033-09-27,Tue,normal,,-4,EDT,2011440600,2011464000
2033-09-28,Wed,normal,,-4,EDT,2011527000,2011550400
2033-09-29,Thu,normal,,-4,EDT,2011613400,2011636800
2033-09-30,Fri,normal,,-4,EDT,2011699800,2011723200
2033-10-01,Sat,weekend,,-4,EDT,,
2033-10-02,Sun,weekend,,-4,EDT,,
2033-10-03,Mon,normal,,-4,EDT,2011959000,2011982400
2033-10-04,Tue,normal,,-4,EDT,2012045400,2012068800
2033-10-05,Wed,normal,,-4,EDT,2012131800,2012155200
2033-10-06,Thu,normal,,-4,EDT,2012218200,2012241600
2033-10-07,Fri,normal,,-4,EDT,2012304600,2012328000
2033-10-08,Sat,weekend,,-4,EDT,,
2033-10-09,Sun,weekend,,-4,EDT,,
2033-10-10,Mon,normal,,-4,EDT,2012563800,2012587200
2033-10-11,Tue,normal,,-4,EDT,2012650200,2012673600
2033-10-12,Wed,normal,,-4,EDT,2012736600,2012760000
2033-10-13,Thu,normal,,-4,EDT,2012823000,2012846400
2033-10-14,Fri,normal,,-4,EDT,2012909400,2012932800
2033-10-15,Sat,weekend,,-4,EDT,,
2033-10-16,Sun,weekend,,-4,EDT,,
2033-10-17,Mon,normal,,-4,EDT,2013168600,2013192000
2033-10-18,Tue,normal,,-4,EDT,2013255000,2013278400
2033-10-19,Wed,normal,,-4,EDT,2013341400,2013364800
2033-10-20,Thu,normal,,-4,EDT,2013427800,2013451200
2033-10-21,Fri,normal,,-4,EDT,2013514200,2013537600
2033-10-22,Sat,weekend,,-4,EDT,,
2033-10-23,Sun,weekend,,-4,EDT,,
2033-10-24,Mon,normal,,-4,EDT,2013773400,2013796800
2033-10-25,Tue,normal,,-4,EDT,2013859800,2013883200
2033-10-26,Wed,normal,,-4,EDT,2013946200,2013969600
2033-10-27,Thu,normal,,-4,EDT,2014032600,2014056000
2033-10-28,Fri,normal,,-4,EDT,2014119000,2014142400
2033-10-29,Sat,weekend,,-4,EDT,,
2033-10-30,Sun,weekend,,-4,EDT,,
2033-10-31,Mon,normal,,-4,EDT,2014378200,2014401600
2033-11-01,Tue,normal,,-4,EDT,2014464600,2014488000
2033-11-02,Wed,normal,,-4,EDT,2014551000,2014574400
2033-11-03,Thu,normal,,-4,EDT,2014637400,2014660800
2033-11-04,Fri,normal,,-4,EDT,2014723800,2014747200
2033-11-05,Sat,weekend,,-4,EDT,,
2033-11-06,Sun,weekend,,-5,EST,,
2033-11-07,Mon,normal,,-5,EST,2014986600,2015010000
2033-11-08,Tue,normal,,-5,EST,2015073000,2015096400
2033-11-09,Wed,normal,,-5,EST,2015159400,2015182800
2033-11-10,Thu,normal,,-5,EST,2015245800,2015269200
2033-11-11,Fri,normal,,-5,EST,2015332200,2015355600
2033-11-12,Sat,weekend,,-5,EST,,
2033-11-13,Sun,weekend,,-5,EST,,
2033-11-14,Mon,normal,,-5,EST,2015591400,2015614800
2033-11-15,Tue,normal,,-5,EST,2015677800,2015701200
2033-11-16,Wed,normal,,-5,EST,2015764200,2015787600
2033-11-17,Thu,normal,,-5,EST,2015850600,2015874000
2033-11-18,Fri,normal,,-5,EST,2015937000,2015960400
2033-11-19,Sat,weekend,,-5,EST,,
2033-11-20,Sun,weekend,,-5,EST,,
2033-11-21,Mon,normal,,-5,EST,2016196200,2016219600
2033-11-22,Tue,normal,,-5,EST,2016282600,2016306000
2033-11-23,Wed,normal,,-5,EST,2016369000,2016392400
2033-11-24,Thu,holiday,Thanksgiving Day,-5,EST,,
2033-11-25,Fri,early_close,Day after Thanksgiving,-5,EST,2016541800,2016554400
2033-11-26,Sat,weekend,,-5,EST,,
2033-11-27,Sun,weekend,,-5,EST,,
2033-11-28,Mon,normal,,-5,EST,2016801000,2016824400
2033-11-29,Tue,normal,,-5,EST,2016887400,2016910800
2033-11-30,Wed,normal,,-5,EST,2016973800,2016997200
2033-12-01,Thu,normal,,-5,EST,2017060200,2017083600
2033-12-02,Fri,normal,,-5,EST,2017146600,2017170000
2033-12-03,Sat,weekend,,-5,EST,,
2033-12-04,Sun,weekend,,-5,EST,,
2033-12-05,Mon,normal,,-5,EST,2017405800,2017429200
2033-12-06,Tue,normal,,-5,EST,2017492200,2017515600
2033-12-07,Wed,normal,,-5,EST,2017578600,2017602000
2033-12-08,Thu,normal,,-5,EST,2017665000,2017688400
2033-12-09,Fri,normal,,-5,EST,2017751400,2017774800
2033-12-10,Sat,weekend,,-5,EST,,
2033-12-11,Sun,weekend,,-5,EST,,
2033-12-12,Mon,normal,,-5,EST,2018010600,2018034000
2033-12-13,Tue,normal,,-5,EST,2018097000,2018120400
2033-12-14,Wed,normal,,-5,EST,2018183400,2018206800
2033-12-15,Thu,normal,,-5,EST,2018269800,2018293200
2033-12-16,Fri,normal,,-5,EST,2018356200,2018379600
2033-12-17,Sat,weekend,,-5,EST,,
2033-12-18,Sun,weekend,,-5,EST,,
2033-12-19,Mon,normal,,-5,EST,2018615400,2018638800
2033-12-20,Tue,normal,,-5,EST,2018701800,2018725200
2033-12-21,Wed,normal,,-5,EST,2018788200,2018811600
2033-12-22,Thu,normal,,-5,EST,2018874600,2018898000
2033-12-23,Fri,normal,,-5,EST,2018961000,2018984400
2033-12-24,Sat,weekend,,-5,EST,,
2033-12-25,Sun,weekend,,-5,EST,,
2033-12-26,Mon,holiday,Christmas Day,-5,EST,,
2033-12-27,Tue,normal,,-5,EST,2019306600,2019330000
2033-12-28,Wed,normal,,-5,EST,2019393000,2019416400
2033-12-29,Thu,normal,,-5,EST,2019479400,2019502800
2033-12-30,Fri,normal,,-5,EST,2019565800,2019589200
2033-12-31,Sat,weekend,,-5,EST,,
2034-01-01,Sun,weekend,,-5,EST,,
2034-01-02,Mon,holiday,New Year's Day,-5,EST,,
2034-01-03,Tue,normal,,-5,EST,2019911400,2019934800
2034-01-04,Wed,normal,,-5,EST,2019997800,2020021200
2034-01-05,Thu,normal,,-5,EST,2020084200,2020107600
2034-01-06,Fri,normal,,-5,EST,2020170600,2020194000
2034-01-07,Sat,weekend,,-5,EST,,
2034-01-08,Sun,weekend,,-5,EST,,
2034-01-09,Mon,normal,,-5,EST,2020429800,2020453200
2034-01-10,Tue,normal,,-5,EST,2020516200,2020539600
2034-01-11,Wed,normal,,-5,EST,2020602600,2020626000
2034-01-12,Thu,normal,,-5,EST,2020689000,2020712400
2034-01-13,Fri,normal,,-5,EST,2020775400,2020798800
2034-01-14,Sat,weekend,,-5,EST,,
2034-01-15,Sun,weekend,,-5,EST,,
2034-01-16,Mon,holiday,Martin Luther King Jr. Day,-5,EST,,
2034-01-17,Tue,normal,,-5,EST,2021121000,2021144400
2034-01-18,Wed,normal,,-5,EST,2021207400,2021230800
2034-01-19,Thu,normal,,-5,EST,2021293800,2021317200
2034-01-20,Fri,normal,,-5,EST,2021380200,2021403600
2034-01-21,Sat,weekend,,-5,EST,,
2034-01-22,Sun,weekend,,-5,EST,,
2034-01-23,Mon,normal,,-5,EST,2021639400,2021662800
2034-01-24,Tue,normal,,-5,EST,2021725800,2021749200
2034-01-25,Wed,normal,,-5,EST,2021812200,2021835600
2034-01-26,Thu,normal,,-5,EST,2021898600,2021922000
2034-01-27,Fri,normal,,-5,EST,2021985000,2022008400
2034-01-28,Sat,weekend,,-5,EST,,
2034-01-29,Sun,weekend,,-5,EST,,
2034-01-30,Mon,normal,,-5,EST,2022244200,2022267600
2034-01-31,Tue,normal,,-5,EST,2022330600,2022354000
2034-02-01,Wed,normal,,-5,EST,2022417000,2022440400
2034-02-02,Thu,normal,,-5,EST,2022503400,2022526800
2034-02-03,Fri,normal,,-5,EST,2022589800,2022613200
2034-02-04,Sat,weekend,,-5,EST,,
2034-02-05,Sun,weekend,,-5,EST,,
2034-02-06,Mon,normal,,-5,EST,2022849000,2022872400
2034-02-07,Tue,normal,,-5,EST,2022935400,2022958800
2034-02-08,Wed,normal,,-5,EST,2023021800,2023045200
2034-02-09,Thu,normal,,-5,EST,2023108200,2023131600
2034-02-10,Fri,normal,,-5,EST,2023194600,2023218000
2034-02-11,Sat,weekend,,-5,EST,,
2034-02-12,Sun,weekend,,-5,EST,,
2034-02-13,Mon,normal,,-5,EST,2023453800,2023477200
2034-02-14,Tue,normal,,-5,EST,2023540200,2023563600
2034-02-15,Wed,normal,,-5,EST,2023626600,2023650000
2034-02-16,Thu,normal,,-5,EST,2023713000,2023736400
2034-02-17,Fri,normal,,-5,EST,2023799400,2023822800
2034-02-18,Sat,weekend,,-5,EST,,
2034-02-19,Sun,weekend,,-5,EST,,
2034-02-20,Mon,holiday,Washington's Birthday,-5,EST,,
2034-02-21,Tue,normal,,-5,EST,2024145000,2024168400
2034-02-22,Wed,normal,,-5,EST,2024231400,2024254800
2034-02-23,Thu,normal,,-5,EST,2024317800,2024341200
2034-02-24,Fri,normal,,-5,EST,2024404200,2024427600
2034-02-25,Sat,weekend,,-5,EST,,
2034-02-26,Sun,weekend,,-5,EST,,
2034-02-27,Mon,normal,,-5,EST,2024663400,2024686800
2034-02-28,Tue,normal,,-5,EST,2024749800,2024773200
2034-03-01,Wed,normal,,-5,EST,2024836200,2024859600
2034-03-02,Thu,normal,,-5,EST,2024922600,2024946000
2034-03-03,Fri,normal,,-5,EST,2025009000,2025032400
2034-03-04,Sat,weekend,,-5,EST,,
2034-03-05,Sun,weekend,,-5,EST,,
2034-03-06,Mon,normal,,-5,EST,2025268200,2025291600
2034-03-07,Tue,normal,,-5,EST,2025354600,2025378000
2034-03-08,Wed,normal,,-5,EST,2025441000,2025464400
2034-03-09,Thu,normal,,-5,EST,2025527400,2025550800
2034-03-10,Fri,normal,,-5,EST,2025613800,2025637200
2034-03-11,Sat,weekend,,-5,EST,,
2034-03-12,Sun,weekend,,-4,EDT,,
2034-03-13,Mon,normal,,-4,EDT,2025869400,2025892800
2034-03-14,Tue,normal,,-4,EDT,2025955800,2025979200
2034-03-15,Wed,normal,,-4,EDT,2026042200,2026065600
2034-03-16,Thu,normal,,-4,EDT,2026128600,2026152000
2034-03-17,Fri,normal,,-4,EDT,2026215000,2026238400
2034-03-18,Sat,weekend,,-4,EDT,,
2034-03-19,Sun,weekend,,-4,EDT,,
2034-03-20,Mon,normal,,-4,EDT,2026474200,2026497600
2034-03-21,Tue,normal,,-4,EDT,2026560600,2026584000
2034-03-22,Wed,normal,,-4,EDT,2026647000,2026670400
2034-03-23,Thu,normal,,-4,EDT,2026733400,2026756800
2034-03-24,Fri,normal,,-4,EDT,2026819800,2026843200
2034-03-25,Sat,weekend,,-4,EDT,,
2034-03-26,Sun,weekend,,-4,EDT,,
2034-03-27,Mon,normal,,-4,EDT,2027079000,2027102400
2034-03-28,Tue,normal,,-4,EDT,2027165400,2027188800
2034-03-29,Wed,normal,,-4,EDT,2027251800,2027275200
2034-03-30,Thu,normal,,-4,EDT,2027338200,2027361600
2034-03-31,Fri,normal,,-4,EDT,2027424600,2027448000
2034-04-01,Sat,weekend,,-4,EDT,,
2034-04-02,Sun,weekend,,-4,EDT,,
2034-04-03,Mon,normal,,-4,EDT,2027683800,2027707200
2034-04-04,Tue,normal,,-4,EDT,2027770200,2027793600
2034-04-05,Wed,normal,,-4,EDT,2027856600,2027880000
2034-04-06,Thu,normal,,-4,EDT,2027943000,2027966400
2034-04-07,Fri,holiday,Good Friday,-4,EDT,,
2034-04-08,Sat,weekend,,-4,EDT,,
2034-04-09,Sun,weekend,,-4,EDT,,
2034-04-10,Mon,normal,,-4,EDT,2028288600,2028312000
2034-04-11,Tue,normal,,-4,EDT,2028375000,2028398400
2034-04-12,Wed,normal,,-4,EDT,2028461400,2028484800
2034-04-13,Thu,normal,,-4,EDT,2028547800,2028571200
2034-04-14,Fri,normal,,-4,EDT,2028634200,2028657600
2034-04-15,Sat,weekend,,-4,EDT,,
2034-04-16,Sun,weekend,,-4,EDT,,
2034-04-17,Mon,normal,,-4,EDT,2028893400,2028916800
2034-04-18,Tue,normal,,-4,EDT,2028979800,2029003200
2034-04-19,Wed,normal,,-4,EDT,2029066200,2029089600
2034-04-20,Thu,normal,,-4,EDT,2029152600,2029176000
2034-04-21,Fri,normal,,-4,EDT,2029239000,2029262400
2034-04-22,Sat,weekend,,-4,EDT,,
2034-04-23,Sun,weekend,,-4,EDT,,
2034-04-24,Mon,normal,,-4,EDT,2029498200,2029521600
2034-04-25,Tue,normal,,-4,EDT,2029584600,2029608000
2034-04-26,Wed,normal,,-4,EDT,2029671000,2029694400
2034-04-27,Thu,normal,,-4,EDT,2029757400,2029780800
2034-04-28,Fri,normal,,-4,EDT,2029843800,2029867200
2034-04-29,Sat,weekend,,-4,EDT,,
2034-04-30,Sun,weekend,,-4,EDT,,
2034-05-01,Mon,normal,,-4,EDT,2030103000,2030126400
2034-05-02,Tue,normal,,-4,EDT,2030189400,2030212800
2034-05-03,Wed,normal,,-4,EDT,2030275800,2030299200
2034-05-04,Thu,normal,,-4,EDT,2030362200,2030385600
2034-05-05,Fri,normal,,-4,EDT,2030448600,2030472000
2034-05-06,Sat,weekend,,-4,EDT,,
2034-05-07,Sun,weekend,,-4,EDT,,
2034-05-08,Mon,normal,,-4,EDT,2030707800,2030731200
2034-05-09,Tue,normal,,-4,EDT,2030794200,2030817600
2034-05-10,Wed,normal,,-4,EDT,2030880600,2030904000
2034-05-11,Thu,normal,,-4,EDT,2030967000,2030990400
2034-05-12,Fri,normal,,-4,EDT,2031053400,2031076800
2034-05-13,Sat,weekend,,-4,EDT,,
2034-05-14,Sun,weekend,,-4,EDT,,
2034-05-15,Mon,normal,,-4,EDT,2031312600,2031336000
2034-05-16,Tue,normal,,-4,EDT,2031399000,2031422400
2034-05-17,Wed,normal,,-4,EDT,2031485400,2031508800
2034-05-18,Thu,normal,,-4,EDT,2031571800,2031595200
2034-05-19,Fri,normal,,-4,EDT,2031658200,2031681600
2034-05-20,Sat,weekend,,-4,EDT,,
2034-05-21,Sun,weekend,,-4,EDT,,
2034-05-22,Mon,normal,,-4,EDT,2031917400,2031940800
2034-05-23,Tue,normal,,-4,EDT,2032003800,2032027200
2034-05-24,Wed,normal,,-4,EDT,2032090200,2032113600
2034-05-25,Thu,normal,,-4,EDT,2032176600,2032200000
2034-05-26,Fri,normal,,-4,EDT,2032263000,2032286400
2034-05-27,Sat,weekend,,-4,EDT,,
2034-05-28,Sun,weekend,,-4,EDT,,
2034-05-29,Mon,holiday,Memorial Day,-4,EDT,,
2034-05-30,Tue,normal,,-4,EDT,2032608600,2032632000
2034-05-31,Wed,normal,,-4,EDT,2032695000,2032718400
2034-06-01,Thu,normal,,-4,EDT,2032781400,2032804800
2034-06-02,Fri,normal,,-4,EDT,2032867800,2032891200
2034-06-03,Sat,weekend,,-4,EDT,,
2034-06-04,Sun,weekend,,-4,EDT,,
2034-06-05,Mon,normal,,-4,EDT,2033127000,2033150400
2034-06-06,Tue,normal,,-4,EDT,2033213400,2033236800
2034-06-07,Wed,normal,,-4,EDT,2033299800,2033323200
2034-06-08,Thu,normal,,-4,EDT,2033386200,2033409600
2034-06-09,Fri,normal,,-4,EDT,2033472600,2033496000
2034-06-10,Sat,weekend,,-4,EDT,,
2034-06-11,Sun,weekend,,-4,EDT,,
2034-06-12,Mon,normal,,-4,EDT,2033731800,2033755200
2034-06-13,Tue,normal,,-4,EDT,2033818200,2033841600
2034-06-14,Wed,normal,,-4,EDT,2033904600,2033928000
2034-06-15,Thu,normal,,-4,EDT,2033991000,2034014400
2034-06-16,Fri,normal,,-4,EDT,2034077400,2034100800
2034-06-17,Sat,weekend,,-4,EDT,,
2034-06-18,Sun,weekend,,-4,EDT,,
2034-06-19,Mon,holiday,Juneteenth National Independence Day,-4,EDT,,
2034-06-20,Tue,normal,,-4,EDT,2034423000,2034446400
2034-06-21,Wed,normal,,-4,EDT,2034509400,2034532800
2034-06-22,Thu,normal,,-4,EDT,2034595800,2034619200
2034-06-23,Fri,normal,,-4,EDT,2034682200,2034705600
2034-06-24,Sat,weekend,,-4,EDT,,
2034-06-25,Sun,weekend,,-4,EDT,,
2034-06-26,Mon,normal,,-4,EDT,2034941400,2034964800
2034-06-27,Tue,normal,,-4,EDT,2035027800,2035051200
2034-06-28,Wed,normal,,-4,EDT,2035114200,2035137600
2034-06-29,Thu,normal,,-4,EDT,2035200600,2035224000
2034-06-30,Fri,normal,,-4,EDT,2035287000,2035310400
2034-07-01,Sat,weekend,,-4,EDT,,
2034-07-02,Sun,weekend,,-4,EDT,,
2034-07-03,Mon,early_close,Day before Independence Day,-4,EDT,2035546200,2035558800
2034-07-04,Tue,holiday,Independence Day,-4,EDT,,
2034-07-05,Wed,normal,,-4,EDT,2035719000,2035742400
2034-07-06,Thu,normal,,-4,EDT,2035805400,2035828800
2034-07-07,Fri,normal,,-4,EDT,2035891800,2035915200
2034-07-08,Sat,weekend,,-4,EDT,,
2034-07-09,Sun,weekend,,-4,EDT,,
2034-07-10,Mon,normal,,-4,EDT,2036151000,2036174400
2034-07-11,Tue,normal,,-4,EDT,2036237400,2036260800
2034-07-12,Wed,normal,,-4,EDT,2036323800,2036347200
2034-07-13,Thu,normal,,-4,EDT,2036410200,2036433600
2034-07-14,Fri,normal,,-4,EDT,2036496600,2036520000
2034-07-15,Sat,weekend,,-4,EDT,,
2034-07-16,Sun,weekend,,-4,EDT,,
2034-07-17,Mon,normal,,-4,EDT,2036755800,2036779200
2034-07-18,Tue,normal,,-4,EDT,2036842200,2036865600
2034-07-19,Wed,normal,,-4,EDT,2036928600,2036952000
2034-07-20,Thu,normal,,-4,EDT,2037015000,2037038400
2034-07-21,Fri,normal,,-4,EDT,2037101400,2037124800
2034-07-22,Sat,weekend,,-4,EDT,,
2034-07-23,Sun,weekend,,-4,EDT,,
2034-07-24,Mon,normal,,-4,EDT,2037360600,2037384000
2034-07-25,Tue,normal,,-4,EDT,2037447000,2037470400
2034-07-26,Wed,normal,,-4,EDT,2037533400,2037556800
2034-07-27,Thu,normal,,-4,EDT,2037619800,2037643200
2034-07-28,Fri,normal,,-4,EDT,2037706200,2037729600
2034-07-29,Sat,weekend,,-4,EDT,,
2034-07-30,Sun,weekend,,-4,EDT,,
2034-07-31,Mon,normal,,-4,EDT,2037965400,2037988800
2034-08-01,Tue,normal,,-4,EDT,2038051800,2038075200
2034-08-02,Wed,normal,,-4,EDT,2038138200,2038161600
2034-08-03,Thu,normal,,-4,EDT,2038224600,2038248000
2034-08-04,Fri,normal,,-4,EDT,2038311000,2038334400
2034-08-05,Sat,weekend,,-4,EDT,,
2034-08-06,Sun,weekend,,-4,EDT,,
2034-08-07,Mon,normal,,-4,EDT,2038570200,2038593600
2034-08-08,Tue,normal,,-4,EDT,2038656600,2038680000
2034-08-09,Wed,normal,,-4,EDT,2038743000,2038766400
2034-08-10,Thu,normal,,-4,EDT,2038829400,2038852800
2034-08-11,Fri,normal,,-4,EDT,2038915800,2038939200
2034-08-12,Sat,weekend,,-4,EDT,,
2034-08-13,Sun,weekend,,-4,EDT,,
2034-08-14,Mon,normal,,-4,EDT,2039175000,2039198400
2034-08-15,Tue,normal,,-4,EDT,2039261400,2039284800
2034-08-16,Wed,normal,,-4,EDT,2039347800,2039371200
2034-08-17,Thu,normal,,-4,EDT,2039434200,2039457600
2034-08-18,Fri,normal,,-4,EDT,2039520600,2039544000
2034-08-19,Sat,weekend,,-4,EDT,,
2034-08-20,Sun,weekend,,-4,EDT,,
2034-08-21,Mon,normal,,-4,EDT,2039779800,2039803200
2034-08-22,Tue,normal,,-4,EDT,2039866200,2039889600
2034-08-23,Wed,normal,,-4,EDT,2039952600,2039976000
2034-08-24,Thu,normal,,-4,EDT,2040039000,2040062400
2034-08-25,Fri,normal,,-4,EDT,2040125400,2040148800
2034-08-26,Sat,weekend,,-4,EDT,,
2034-08-27,Sun,weekend,,-4,EDT,,
2034-08-28,Mon,normal,,-4,EDT,2040384600,2040408000
2034-08-29,Tue,normal,,-4,EDT,2040471000,2040494400
2034-08-30,Wed,normal,,-4,EDT,2040557400,2040580800
2034-08-31,Thu,normal,,-4,EDT,2040643800,2040667200
2034-09-01,Fri,normal,,-4,EDT,2040730200,2040753600
2034-09-02,Sat,weekend,,-4,EDT,,
2034-09-03,Sun,weekend,,-4,EDT,,
2034-09-04,Mon,holiday,Labor Day,-4,EDT,,
2034-09-05,Tue,normal,,-4,EDT,2041075800,2041099200
2034-09-06,Wed,normal,,-4,EDT,2041162200,2041185600
2034-09-07,Thu,normal,,-4,EDT,2041248600,2041272000
2034-09-08,Fri,normal,,-4,EDT,2041335000,2041358400
2034-09-09,Sat,weekend,,-4,EDT,,
2034-09-10,Sun,weekend,,-4,EDT,,
2034-09-11,Mon,normal,,-4,EDT,2041594200,2041617600
2034-09-12,Tue,normal,,-4,EDT,2041680600,2041704000
2034-09-13,Wed,normal,,-4,EDT,2041767000,2041790400
2034-09-14,Thu,normal,,-4,EDT,2041853400,2041876800
2034-09-15,Fri,normal,,-4,EDT,2041939800,2041963200
2034-09-16,Sat,weekend,,-4,EDT,,
2034-09-17,Sun,weekend,,-4,EDT,,
2034-09-18,Mon,normal,,-4,EDT,2042199000,2042222400
2034-09-19,Tue,normal,,-4,EDT,2042285400,2042308800
2034-09-20,Wed,normal,,-4,EDT,2042371800,2042395200
2034-09-21,Thu,normal,,-4,EDT,2042458200,2042481600
2034-09-22,Fri,normal,,-4,EDT,2042544600,2042568000
2034-09-23,Sat,weekend,,-4,EDT,,
2034-09-24,Sun,weekend,,-4,EDT,,
2034-09-25,Mon,normal,,-4,EDT,2042803800,2042827200
2034-09-26,Tue,normal,,-4,EDT,2042890200,2042913600
2034-09-27,Wed,normal,,-4,EDT,2042976600,2043000000
2034-09-28,Thu,normal,,-4,EDT,2043063000,2043086400
2034-09-29,Fri,normal,,-4,EDT,2043149400,2043172800
2034-09-30,Sat,weekend,,-4,EDT,,
2034-10-01,Sun,weekend,,-4,EDT,,
2034-10-02,Mon,normal,,-4,EDT,2043408600,2043432000
2034-10-03,Tue,normal,,-4,EDT,2043495000,2043518400
2034-10-04,Wed,normal,,-4,EDT,2043581400,2043604800
2034-10-05,Thu,normal,,-4,EDT,2043667800,2043691200
2034-10-06,Fri,normal,,-4,EDT,2043754200,2043777600
2034-10-07,Sat,weekend,,-4,EDT,,
2034-10-08,Sun,weekend,,-4,EDT,,
2034-10-09,Mon,normal,,-4,EDT,2044013400,2044036800
2034-10-10,Tue,normal,,-4,EDT,2044099800,2044123200
2034-10-11,Wed,normal,,-4,EDT,2044186200,2044209600
2034-10-12,Thu,normal,,-4,EDT,2044272600,2044296000
2034-10-13,Fri,normal,,-4,EDT,2044359000,2044382400
2034-10-14,Sat,weekend,,-4,EDT,,
2034-10-15,Sun,weekend,,-4,EDT,,
2034-10-16,Mon,normal,,-4,EDT,2044618200,2044641600
2034-10-17,Tue,normal,,-4,EDT,2044704600,2044728000
2034-10-18,Wed,normal,,-4,EDT,2044791000,2044814400
2034-10-19,Thu,normal,,-4,EDT,2044877400,2044900800
2034-10-20,Fri,normal,,-4,EDT,2044963800,2044987200
2034-10-21,Sat,weekend,,-4,EDT,,
2034-10-22,Sun,weekend,,-4,EDT,,
2034-10-23,Mon,normal,,-4,EDT,2045223000,2045246400
2034-10-24,Tue,normal,,-4,EDT,2045309400,2045332800
2034-10-25,Wed,normal,,-4,EDT,2045395800,2045419200
2034-10-26,Thu,normal,,-4,EDT,2045482200,2045505600
2034-10-27,Fri,normal,,-4,EDT,2045568600,2045592000
2034-10-28,Sat,weekend,,-4,EDT,,
2034-10-29,Sun,weekend,,-4,EDT,,
2034-10-30,Mon,normal,,-4,EDT,2045827800,2045851200
2034-10-31,Tue,normal,,-4,EDT,2045914200,2045937600
2034-11-01,Wed,normal,,-4,EDT,2046000600,2046024000
2034-11-02,Thu,normal,,-4,EDT,2046087000,2046110400
2034-11-03,Fri,normal,,-4,EDT,2046173400,2046196800
2034-11-04,Sat,weekend,,-4,EDT,,
2034-11-05,Sun,weekend,,-5,EST,,
2034-11-06,Mon,normal,,-5,EST,2046436200,2046459600
2034-11-07,Tue,normal,,-5,EST,2046522600,2046546000
2034-11-08,Wed,normal,,-5,EST,2046609000,2046632400
2034-11-09,Thu,normal,,-5,EST,2046695400,2046718800
2034-11-10,Fri,normal,,-5,EST,2046781800,2046805200
2034-11-11,Sat,weekend,,-5,EST,,
2034-11-12,Sun,weekend,,-5,EST,,
2034-11-13,Mon,normal,,-5,EST,2047041000,2047064400
2034-11-14,Tue,normal,,-5,EST,2047127400,2047150800
2034-11-15,Wed,normal,,-5,EST,2047213800,2047237200
2034-11-16,Thu,normal,,-5,EST,2047300200,2047323600
2034-11-17,Fri,normal,,-5,EST,2047386600,2047410000
2034-11-18,Sat,weekend,,-5,EST,,
2034-11-19,Sun,weekend,,-5,EST,,
2034-11-20,Mon,normal,,-5,EST,2047645800,2047669200
2034-11-21,Tue,normal,,-5,EST,2047732200,2047755600
2034-11-22,Wed,normal,,-5,EST,2047818600,2047842000
2034-11-23,Thu,holiday,Thanksgiving Day,-5,EST,,
2034-11-24,Fri,early_close,Day after Thanksgiving,-5,EST,2047991400,2048004000
2034-11-25,Sat,weekend,,-5,EST,,
2034-11-26,Sun,weekend,,-5,EST,,
2034-11-27,Mon,normal,,-5,EST,2048250600,2048274000
2034-11-28,Tue,normal,,-5,EST,2048337000,2048360400
2034-11-29,Wed,normal,,-5,EST,2048423400,2048446800
2034-11-30,Thu,normal,,-5,EST,2048509800,2048533200
2034-12-01,Fri,normal,,-5,EST,2048596200,2048619600
2034-12-02,Sat,weekend,,-5,EST,,
2034-12-03,Sun,weekend,,-5,EST,,
2034-12-04,Mon,normal,,-5,EST,2048855400,2048878800
2034-12-05,Tue,normal,,-5,EST,2048941800,2048965200
2034-12-06,Wed,normal,,-5,EST,2049028200,2049051600
2034-12-07,Thu,normal,,-5,EST,2049114600,2049138000
2034-12-08,Fri,normal,,-5,EST,2049201000,2049224400
2034-12-09,Sat,weekend,,-5,EST,,
2034-12-10,Sun,weekend,,-5,EST,,
2034-12-11,Mon,normal,,-5,EST,2049460200,2049483600
2034-12-12,Tue,normal,,-5,EST,2049546600,2049570000
2034-12-13,Wed,normal,,-5,EST,2049633000,2049656400
2034-12-14,Thu,normal,,-5,EST,2049719400,2049742800
2034-12-15,Fri,normal,,-5,EST,2049805800,2049829200
2034-12-16,Sat,weekend,,-5,EST,,
2034-12-17,Sun,weekend,,-5,EST,,
2034-12-18,Mon,normal,,-5,EST,2050065000,2050088400
2034-12-19,Tue,normal,,-5,EST,2050151400,2050174800
2034-12-20,Wed,normal,,-5,EST,2050237800,2050261200
2034-12-21,Thu,normal,,-5,EST,2050324200,2050347600
2034-12-22,Fri,normal,,-5,EST,2050410600,2050434000
2034-12-23,Sat,weekend,,-5,EST,,
2034-12-24,Sun,weekend,,-5,EST,,
2034-12-25,Mon,holiday,Christmas Day,-5,EST,,
2034-12-26,Tue,normal,,-5,EST,2050756200,2050779600
2034-12-27,Wed,normal,,-5,EST,2050842600,2050866000
2034-12-28,Thu,normal,,-5,EST,2050929000,2050952400
2034-12-29,Fri,normal,,-5,EST,2051015400,2051038800
2034-12-30,Sat,weekend,,-5,EST,,
2034-12-31,Sun,weekend,,-5,EST,,
2035-01-01,Mon,holiday,New Year's Day,-5,EST,,
2035-01-02,Tue,normal,,-5,EST,2051361000,2051384400
2035-01-03,Wed,normal,,-5,EST,2051447400,2051470800
2035-01-04,Thu,normal,,-5,EST,2051533800,2051557200
2035-01-05,Fri,normal,,-5,EST,2051620200,2051643600
2035-01-06,Sat,weekend,,-5,EST,,
2035-01-07,Sun,weekend,,-5,EST,,
2035-01-08,Mon,normal,,-5,EST,2051879400,2051902800
2035-01-09,Tue,normal,,-5,EST,2051965800,2051989200
2035-01-10,Wed,normal,,-5,EST,2052052200,2052075600
2035-01-11,Thu,normal,,-5,EST,2052138600,2052162000
2035-01-12,Fri,normal,,-5,EST,2052225000,2052248400
2035-01-13,Sat,weekend,,-5,EST,,
2035-01-14,Sun,weekend,,-5,EST,,
2035-01-15,Mon,holiday,Martin Luther King Jr. Day,-5,EST,,
2035-01-16,Tue,normal,,-5,EST,2052570600,2052594000
2035-01-17,Wed,normal,,-5,EST,2052657000,2052680400
2035-01-18,Thu,normal,,-5,EST,2052743400,2052766800
2035-01-19,Fri,normal,,-5,EST,2052829800,2052853200
2035-01-20,Sat,weekend,,-5,EST,,
2035-01-21,Sun,weekend,,-5,EST,,
2035-01-22,Mon,normal,,-5,EST,2053089000,2053112400
2035-01-23,Tue,normal,,-5,EST,2053175400,2053198800
2035-01-24,Wed,normal,,-5,EST,2053261800,2053285200
2035-01-25,Thu,normal,,-5,EST,2053348200,2053371600
2035-01-26,Fri,normal,,-5,EST,2053434600,2053458000
2035-01-27,Sat,weekend,,-5,EST,,
2035-01-28,Sun,weekend,,-5,EST,,
2035-01-29,Mon,normal,,-5,EST,2053693800,2053717200
2035-01-30,Tue,normal,,-5,EST,2053780200,2053803600
2035-01-31,Wed,normal,,-5,EST,2053866600,2053890000
2035-02-01,Thu,normal,,-5,EST,2053953000,2053976400
2035-02-02,Fri,normal,,-5,EST,2054039400,2054062800
2035-02-03,Sat,weekend,,-5,EST,,
2035-02-04,Sun,weekend,,-5,EST,,
2035-02-05,Mon,normal,,-5,EST,2054298600,2054322000
2035-02-06,Tue,normal,,-5,EST,2054385000,2054408400
2035-02-07,Wed,normal,,-5,EST,2054471400,2054494800
2035-02-08,Thu,normal,,-5,EST,2054557800,2054581200
2035-02-09,Fri,normal,,-5,EST,2054644200,2054667600
2035-02-10,Sat,weekend,,-5,EST,,
2035-02-11,Sun,weekend,,-5,EST,,
2035-02-12,Mon,normal,,-5,EST,2054903400,2054926800
2035-02-13,Tue,normal,,-5,EST,2054989800,2055013200
2035-02-14,Wed,normal,,-5,EST,2055076200,2055099600
2035-02-15,Thu,normal,,-5,EST,2055162600,2055186000
2035-02-16,Fri,normal,,-5,EST,2055249000,2055272400
2035-02-17,Sat,weekend,,-5,EST,,
2035-02-18,Sun,weekend,,-5,EST,,
2035-02-19,Mon,holiday,Washington's Birthday,-5,EST,,
2035-02-20,Tue,normal,,-5,EST,2055594600,2055618000
2035-02-21,Wed,normal,,-5,EST,2055681000,2055704400
2035-02-22,Thu,normal,,-5,EST,2055767400,2055790800
2035-02-23,Fri,normal,,-5,EST,2055853800,2055877200
2035-02-24,Sat,weekend,,-5,EST,,
2035-02-25,Sun,weekend,,-5,EST,,
2035-02-26,Mon,normal,,-5,EST,2056113000,2056136400
2035-02-27,Tue,normal,,-5,EST,2056199400,2056222800
2035-02-28,Wed,normal,,-5,EST,2056285800,2056309200
2035-03-01,Thu,normal,,-5,EST,2056372200,2056395600
2035-03-02,Fri,normal,,-5,EST,2056458600,2056482000
2035-03-03,Sat,weekend,,-5,EST,,
2035-03-04,Sun,weekend,,-5,EST,,
2035-03-05,Mon,normal,,-5,EST,2056717800,2056741200
2035-03-06,Tue,normal,,-5,EST,2056804200,2056827600
2035-03-07,Wed,normal,,-5,EST,2056890600,2056914000
2035-03-08,Thu,normal,,-5,EST,2056977000,2057000400
2035-03-09,Fri,normal,,-5,EST,2057063400,2057086800
2035-03-10,Sat,weekend,,-5,EST,,
2035-03-11,Sun,weekend,,-4,EDT,,
2035-03-12,Mon,normal,,-4,EDT,2057319000,2057342400
2035-03-13,Tue,normal,,-4,EDT,2057405400,2057428800
2035-03-14,Wed,normal,,-4,EDT,2057491800,2057515200
2035-03-15,Thu,normal,,-4,EDT,2057578200,2057601600
2035-03-16,Fri,normal,,-4,EDT,2057664600,2057688000
2035-03-17,Sat,weekend,,-4,EDT,,
2035-03-18,Sun,weekend,,-4,EDT,,
2035-03-19,Mon,normal,,-4,EDT,2057923800,2057947200
2035-03-20,Tue,normal,,-4,EDT,2058010200,2058033600
2035-03-21,Wed,normal,,-4,EDT,2058096600,2058120000
2035-03-22,Thu,normal,,-4,EDT,2058183000,2058206400
2035-03-23,Fri,holiday,Good Friday,-4,EDT,,
2035-03-24,Sat,weekend,,-4,EDT,,
2035-03-25,Sun,weekend,,-4,EDT,,
2035-03-26,Mon,normal,,-4,EDT,2058528600,2058552000
2035-03-27,Tue,normal,,-4,EDT,2058615000,2058638400
2035-03-28,Wed,normal,,-4,EDT,2058701400,2058724800
2035-03-29,Thu,normal,,-4,EDT,2058787800,2058811200
2035-03-30,Fri,normal,,-4,EDT,2058874200,2058897600
2035-03-31,Sat,weekend,,-4,EDT,,
2035-04-01,Sun,weekend,,-4,EDT,,
2035-04-02,Mon,normal,,-4,EDT,2059133400,2059156800
2035-04-03,Tue,normal,,-4,EDT,2059219800,2059243200
2035-04-04,Wed,normal,,-4,EDT,2059306200,2059329600
2035-04-05,Thu,normal,,-4,EDT,2059392600,2059416000
2035-04-06,Fri,normal,,-4,EDT,2059479000,2059502400
2035-04-07,Sat,weekend,,-4,EDT,,
2035-04-08,Sun,weekend,,-4,EDT,,
2035-04-09,Mon,normal,,-4,EDT,2059738200,2059761600
2035-04-10,Tue,normal,,-4,EDT,2059824600,2059848000
2035-04-11,Wed,normal,,-4,EDT,2059911000,2059934400
2035-04-12,Thu,normal,,-4,EDT,2059997400,2060020800
2035-04-13,Fri,normal,,-4,EDT,2060083800,2060107200
2035-04-14,Sat,weekend,,-4,EDT,,
2035-04-15,Sun,weekend,,-4,EDT,,
2035-04-16,Mon,normal,,-4,EDT,2060343000,2060366400
2035-04-17,Tue,normal,,-4,EDT,2060429400,2060452800
2035-04-18,Wed,normal,,-4,EDT,2060515800,2060539200
2035-04-19,Thu,normal,,-4,EDT,2060602200,2060625600
2035-04-20,Fri,normal,,-4,EDT,2060688600,2060712000
2035-04-21,Sat,weekend,,-4,EDT,,
2035-04-22,Sun,weekend,,-4,EDT,,
2035-04-23,Mon,normal,,-4,EDT,2060947800,2060971200
2035-04-24,Tue,normal,,-4,EDT,2061034200,2061057600
2035-04-25,Wed,normal,,-4,EDT,2061120600,2061144000
2035-04-26,Thu,normal,,-4,EDT,2061207000,2061230400
2035-04-27,Fri,normal,,-4,EDT,2061293400,2061316800
2035-04-28,Sat,weekend,,-4,EDT,,
2035-04-29,Sun,weekend,,-4,EDT,,
2035-04-30,Mon,normal,,-4,EDT,2061552600,2061576000
2035-05-01,Tue,normal,,-4,EDT,2061639000,2061662400
2035-05-02,Wed,normal,,-4,EDT,2061725400,2061748800
2035-05-03,Thu,normal,,-4,EDT,2061811800,2061835200
2035-05-04,Fri,normal,,-4,EDT,2061898200,2061921600
2035-05-05,Sat,weekend,,-4,EDT,,
2035-05-06,Sun,weekend,,-4,EDT,,
2035-05-07,Mon,normal,,-4,EDT,2062157400,2062180800
2035-05-08,Tue,normal,,-4,EDT,2062243800,2062267200
2035-05-09,Wed,normal,,-4,EDT,2062330200,2062353600
2035-05-10,Thu,normal,,-4,EDT,2062416600,2062440000
2035-05-11,Fri,normal,,-4,EDT,2062503000,2062526400
2035-05-12,Sat,weekend,,-4,EDT,,
2035-05-13,Sun,weekend,,-4,EDT,,
2035-05-14,Mon,normal,,-4,EDT,2062762200,2062785600
2035-05-15,Tue,normal,,-4,EDT,2062848600,2062872000
2035-05-16,Wed,normal,,-4,EDT,2062935000,2062958400
2035-05-17,Thu,normal,,-4,EDT,2063021400,2063044800
2035-05-18,Fri,normal,,-4,EDT,2063107800,2063131200
2035-05-19,Sat,weekend,,-4,EDT,,
2035-05-20,Sun,weekend,,-4,EDT,,
2035-05-21,Mon,normal,,-4,EDT,2063367000,2063390400
2035-05-22,Tue,normal,,-4,EDT,2063453400,2063476800
2035-05-23,Wed,normal,,-4,EDT,2063539800,2063563200
2035-05-24,Thu,normal,,-4,EDT,2063626200,2063649600
2035-05-25,Fri,normal,,-4,EDT,2063712600,2063736000
2035-05-26,Sat,weekend,,-4,EDT,,
2035-05-27,Sun,weekend,,-4,EDT,,
2035-05-28,Mon,holiday,Memorial Day,-4,EDT,,
2035-05-29,Tue,normal,,-4,EDT,2064058200,2064081600
2035-05-30,Wed,normal,,-4,EDT,2064144600,2064168000
2035-05-31,Thu,normal,,-4,EDT,2064231000,2064254400
2035-06-01,Fri,normal,,-4,EDT,2064317400,2064340800
2035-06-02,Sat,weekend,,-4,EDT,,
2035-06-03,Sun,weekend,,-4,EDT,,
2035-06-04,Mon,normal,,-4,EDT,2064576600,2064600000
2035-06-05,Tue,normal,,-4,EDT,2064663000,2064686400
2035-06-06,Wed,normal,,-4,EDT,2064749400,2064772800
2035-06-07,Thu,normal,,-4,EDT,2064835800,2064859200
2035-06-08,Fri,normal,,-4,EDT,2064922200,2064945600
2035-06-09,Sat,weekend,,-4,EDT,,
2035-06-10,Sun,weekend,,-4,EDT,,
2035-06-11,Mon,normal,,-4,EDT,2065181400,2065204800
2035-06-12,Tue,normal,,-4,EDT,2065267800,2065291200
2035-06-13,Wed,normal,,-4,EDT,2065354200,2065377600
2035-06-14,Thu,normal,,-4,EDT,2065440600,2065464000
2035-06-15,Fri,normal,,-4,EDT,2065527000,2065550400
2035-06-16,Sat,weekend,,-4,EDT,,
2035-06-17,Sun,weekend,,-4,EDT,,
2035-06-18,Mon,normal,,-4,EDT,2065786200,2065809600
2035-06-19,Tue,holiday,Juneteenth National Independence Day,-4,EDT,,
2035-06-20,Wed,normal,,-4,EDT,2065959000,2065982400
2035-06-21,Thu,normal,,-4,EDT,2066045400,2066068800
2035-06-22,Fri,normal,,-4,EDT,2066131800,2066155200
2035-06-23,Sat,weekend,,-4,EDT,,
2035-06-24,Sun,weekend,,-4,EDT,,
2035-06-25,Mon,normal,,-4,EDT,2066391000,2066414400
2035-06-26,Tue,normal,,-4,EDT,2066477400,2066500800
2035-06-27,Wed,normal,,-4,EDT,2066563800,2066587200
2035-06-28,Thu,normal,,-4,EDT,2066650200,2066673600
2035-06-29,Fri,normal,,-4,EDT,2066736600,2066760000
2035-06-30,Sat,weekend,,-4,EDT,,
2035-07-01,Sun,weekend,,-4,EDT,,
2035-07-02,Mon,normal,,-4,EDT,2066995800,2067019200
2035-07-03,Tue,early_close,Day before Independence Day,-4,EDT,2067082200,2067094800
2035-07-04,Wed,holiday,Independence Day,-4,EDT,,
2035-07-05,Thu,normal,,-4,EDT,2067255000,2067278400
2035-07-06,Fri,normal,,-4,EDT,2067341400,2067364800
2035-07-07,Sat,weekend,,-4,EDT,,
2035-07-08,Sun,weekend,,-4,EDT,,
2035-07-09,Mon,normal,,-4,EDT,2067600600,2067624000
2035-07-10,Tue,normal,,-4,EDT,2067687000,2067710400
2035-07-11,Wed,normal,,-4,EDT,2067773400,2067796800
2035-07-12,Thu,normal,,-4,EDT,2067859800,2067883200
2035-07-13,Fri,normal,,-4,EDT,2067946200,2067969600
2035-07-14,Sat,weekend,,-4,EDT,,
2035-07-15,Sun,weekend,,-4,EDT,,
2035-07-16,Mon,normal,,-4,EDT,2068205400,2068228800
2035-07-17,Tue,normal,,-4,EDT,2068291800,2068315200
2035-07-18,Wed,normal,,-4,EDT,2068378200,2068401600
2035-07-19,Thu,normal,,-4,EDT,2068464600,2068488000
2035-07-20,Fri,normal,,-4,EDT,2068551000,2068574400
2035-07-21,Sat,weekend,,-4,EDT,,
2035-07-22,Sun,weekend,,-4,EDT,,
2035-07-23,Mon,normal,,-4,EDT,2068810200,2068833600
2035-07-24,Tue,normal,,-4,EDT,2068896600,2068920000
2035-07-25,Wed,normal,,-4,EDT,2068983000,2069006400
2035-07-26,Thu,normal,,-4,EDT,2069069400,2069092800
2035-07-27,Fri,normal,,-4,EDT,2069155800,2069179200
2035-07-28,Sat,weekend,,-4,EDT,,
2035-07-29,Sun,weekend,,-4,EDT,,
2035-07-30,Mon,normal,,-4,EDT,2069415000,2069438400
2035-07-31,Tue,normal,,-4,EDT,2069501400,2069524800
2035-08-01,Wed,normal,,-4,EDT,2069587800,2069611200
2035-08-02,Thu,normal,,-4,EDT,2069674200,2069697600
2035-08-03,Fri,normal,,-4,EDT,2069760600,2069784000
2035-08-04,Sat,weekend,,-4,EDT,,
2035-08-05,Sun,weekend,,-4,EDT,,
2035-08-06,Mon,normal,,-4,EDT,2070019800,2070043200
2035-08-07,Tue,normal,,-4,EDT,2070106200,2070129600
2035-08-08,Wed,normal,,-4,EDT,2070192600,2070216000
2035-08-09,Thu,normal,,-4,EDT,2070279000,2070302400
2035-08-10,Fri,normal,,-4,EDT,2070365400,2070388800
2035-08-11,Sat,weekend,,-4,EDT,,
2035-08-12,Sun,weekend,,-4,EDT,,
2035-08-13,Mon,normal,,-4,EDT,2070624600,2070648000
2035-08-14,Tue,normal,,-4,EDT,2070711000,2070734400
2035-08-15,Wed,normal,,-4,EDT,2070797400,2070820800
2035-08-16,Thu,normal,,-4,EDT,2070883800,2070907200
2035-08-17,Fri,normal,,-4,EDT,2070970200,2070993600
2035-08-18,Sat,weekend,,-4,EDT,,
2035-08-19,Sun,weekend,,-4,EDT,,
2035-08-20,Mon,normal,,-4,EDT,2071229400,2071252800
2035-08-21,Tue,normal,,-4,EDT,2071315800,2071339200
2035-08-22,Wed,normal,,-4,EDT,2071402200,2071425600
2035-08-23,Thu,normal,,-4,EDT,2071488600,2071512000
2035-08-24,Fri,normal,,-4,EDT,2071575000,2071598400
2035-08-25,Sat,weekend,,-4,EDT,,
2035-08-26,Sun,weekend,,-4,EDT,,
2035-08-27,Mon,normal,,-4,EDT,2071834200,2071857600
2035-08-28,Tue,normal,,-4,EDT,2071920600,2071944000
2035-08-29,Wed,normal,,-4,EDT,2072007000,2072030400
2035-08-30,Thu,normal,,-4,EDT,2072093400,2072116800
2035-08-31,Fri,normal,,-4,EDT,2072179800,2072203200
2035-09-01,Sat,weekend,,-4,EDT,,
2035-09-02,Sun,weekend,,-4,EDT,,
2035-09-03,Mon,holiday,Labor Day,-4,EDT,,
2035-09-04,Tue,normal,,-4,EDT,2072525400,2072548800
2035-09-05,Wed,normal,,-4,EDT,2072611800,2072635200
2035-09-06,Thu,normal,,-4,EDT,2072698200,2072721600
2035-09-07,Fri,normal,,-4,EDT,2072784600,2072808000
2035-09-08,Sat,weekend,,-4,EDT,,
2035-09-09,Sun,weekend,,-4,EDT,,
2035-09-10,Mon,normal,,-4,EDT,2073043800,2073067200
2035-09-11,Tue,normal,,-4,EDT,2073130200,2073153600
2035-09-12,Wed,normal,,-4,EDT,2073216600,2073240000
2035-09-13,Thu,normal,,-4,EDT,2073303000,2073326400
2035-09-14,Fri,normal,,-4,EDT,2073389400,2073412800
2035-09-15,Sat,weekend,,-4,EDT,,
2035-09-16,Sun,weekend,,-4,EDT,,
2035-09-17,Mon,normal,,-4,EDT,2073648600,2073672000
2035-09-18,Tue,normal,,-4,EDT,2073735000,2073758400
2035-09-19,Wed,normal,,-4,EDT,2073821400,2073844800
2035-09-20,Thu,normal,,-4,EDT,2073907800,2073931200
2035-09-21,Fri,normal,,-4,EDT,2073994200,2074017600
2035-09-22,Sat,weekend,,-4,EDT,,
2035-09-23,Sun,weekend,,-4,EDT,,
2035-09-24,Mon,normal,,-4,EDT,2074253400,2074276800
2035-09-25,Tue,normal,,-4,EDT,2074339800,2074363200
2035-09-26,Wed,normal,,-4,EDT,2074426200,2074449600
2035-09-27,Thu,normal,,-4,EDT,2074512600,2074536000
2035-09-28,Fri,normal,,-4,EDT,2074599000,2074622400
2035-09-29,Sat,weekend,,-4,EDT,,
2035-09-30,Sun,weekend,,-4,EDT,,
2035-10-01,Mon,normal,,-4,EDT,2074858200,2074881600
2035-10-02,Tue,normal,,-4,EDT,2074944600,2074968000
2035-10-03,Wed,normal,,-4,EDT,2075031000,2075054400
2035-10-04,Thu,normal,,-4,EDT,2075117400,2075140800
2035-10-05,Fri,normal,,-4,EDT,2075203800,2075227200
2035-10-06,Sat,weekend,,-4,EDT,,
2035-10-07,Sun,weekend,,-4,EDT,,
2035-10-08,Mon,normal,,-4,EDT,2075463000,2075486400
2035-10-09,Tue,normal,,-4,EDT,2075549400,2075572800
2035-10-10,Wed,normal,,-4,EDT,2075635800,2075659200
2035-10-11,Thu,normal,,-4,EDT,2075722200,2075745600
2035-10-12,Fri,normal,,-4,EDT,2075808600,2075832000
2035-10-13,Sat,weekend,,-4,EDT,,
2035-10-14,Sun,weekend,,-4,EDT,,
2035-10-15,Mon,normal,,-4,EDT,2076067800,2076091200
2035-10-16,Tue,normal,,-4,EDT,2076154200,2076177600
2035-10-17,Wed,normal,,-4,EDT,2076240600,2076264000
2035-10-18,Thu,normal,,-4,EDT,2076327000,2076350400
2035-10-19,Fri,normal,,-4,EDT,2076413400,2076436800
2035-10-20,Sat,weekend,,-4,EDT,,
2035-10-21,Sun,weekend,,-4,EDT,,
2035-10-22,Mon,normal,,-4,EDT,2076672600,2076696000
2035-10-23,Tue,normal,,-4,EDT,2076759000,2076782400
2035-10-24,Wed,normal,,-4,EDT,2076845400,2076868800
2035-10-25,Thu,normal,,-4,EDT,2076931800,2076955200
2035-10-26,Fri,normal,,-4,EDT,2077018200,2077041600
2035-10-27,Sat,weekend,,-4,EDT,,
2035-10-28,Sun,weekend,,-4,EDT,,
2035-10-29,Mon,normal,,-4,EDT,2077277400,2077300800
2035-10-30,Tue,normal,,-4,EDT,2077363800,2077387200
2035-10-31,Wed,normal,,-4,EDT,2077450200,2077473600
2035-11-01,Thu,normal,,-4,EDT,2077536600,2077560000
2035-11-02,Fri,normal,,-4,EDT,2077623000,2077646400
2035-11-03,Sat,weekend,,-4,EDT,,
2035-11-04,Sun,weekend,,-5,EST,,
2035-11-05,Mon,normal,,-5,EST,2077885800,2077909200
2035-11-06,Tue,normal,,-5,EST,2077972200,2077995600
2035-11-07,Wed,normal,,-5,EST,2078058600,2078082000
2035-11-08,Thu,normal,,-5,EST,2078145000,2078168400
2035-11-09,Fri,normal,,-5,EST,2078231400,2078254800
2035-11-10,Sat,weekend,,-5,EST,,
2035-11-11,Sun,weekend,,-5,EST,,
2035-11-12,Mon,normal,,-5,EST,2078490600,2078514000
2035-11-13,Tue,normal,,-5,EST,2078577000,2078600400
2035-11-14,Wed,normal,,-5,EST,2078663400,2078686800
2035-11-15,Thu,normal,,-5,EST,2078749800,2078773200
2035-11-16,Fri,normal,,-5,EST,2078836200,2078859600
2035-11-17,Sat,weekend,,-5,EST,,
2035-11-18,Sun,weekend,,-5,EST,,
2035-11-19,Mon,normal,,-5,EST,2079095400,2079118800
2035-11-20,Tue,normal,,-5,EST,2079181800,2079205200
2035-11-21,Wed,normal,,-5,EST,2079268200,2079291600
2035-11-22,Thu,holiday,Thanksgiving Day,-5,EST,,
2035-11-23,Fri,early_close,Day after Thanksgiving,-5,EST,2079441000,2079453600
2035-11-24,Sat,weekend,,-5,EST,,
2035-11-25,Sun,weekend,,-5,EST,,
2035-11-26,Mon,normal,,-5,EST,2079700200,2079723600
2035-11-27,Tue,normal,,-5,EST,2079786600,2079810000
2035-11-28,Wed,normal,,-5,EST,2079873000,2079896400
2035-11-29,Thu,normal,,-5,EST,2079959400,2079982800
2035-11-30,Fri,normal,,-5,EST,2080045800,2080069200
2035-12-01,Sat,weekend,,-5,EST,,
2035-12-02,Sun,weekend,,-5,EST,,
2035-12-03,Mon,normal,,-5,EST,2080305000,2080328400
2035-12-04,Tue,normal,,-5,EST,2080391400,2080414800
2035-12-05,Wed,normal,,-5,EST,2080477800,2080501200
2035-12-06,Thu,normal,,-5,EST,2080564200,2080587600
2035-12-07,Fri,normal,,-5,EST,2080650600,2080674000
2035-12-08,Sat,weekend,,-5,EST,,
2035-12-09,Sun,weekend,,-5,EST,,
2035-12-10,Mon,normal,,-5,EST,2080909800,2080933200
2035-12-11,Tue,normal,,-5,EST,2080996200,2081019600
2035-12-12,Wed,normal,,-5,EST,2081082600,2081106000
2035-12-13,Thu,normal,,-5,EST,2081169000,2081192400
2035-12-14,Fri,normal,,-5,EST,2081255400,2081278800
2035-12-15,Sat,weekend,,-5,EST,,
2035-12-16,Sun,weekend,,-5,EST,,
2035-12-17,Mon,normal,,-5,EST,2081514600,2081538000
2035-12-18,Tue,normal,,-5,EST,2081601000,2081624400
2035-12-19,Wed,normal,,-5,EST,2081687400,2081710800
2035-12-20,Thu,normal,,-5,EST,2081773800,2081797200
2035-12-21,Fri,normal,,-5,EST,2081860200,2081883600
2035-12-22,Sat,weekend,,-5,EST,,
2035-12-23,Sun,weekend,,-5,EST,,
2035-12-24,Mon,early_close,Christmas Eve,-5,EST,2082119400,2082132000
2035-12-25,Tue,holiday,Christmas Day,-5,EST,,
2035-12-26,Wed,normal,,-5,EST,2082292200,2082315600
2035-12-27,Thu,normal,,-5,EST,2082378600,2082402000
2035-12-28,Fri,normal,,-5,EST,2082465000,2082488400
2035-12-29,Sat,weekend,,-5,EST,,
2035-12-30,Sun,weekend,,-5,EST,,
2035-12-31,Mon,normal,,-5,EST,2082724200,2082747600
